[{"pk": 6, "model": "contenttypes.contenttype", "fields": {"model": "contenttype", "name": "content type", "app_label": "contenttypes"}}, {"pk": 16, "model": "contenttypes.contenttype", "fields": {"model": "door", "name": "door", "app_label": "layouts"}}, {"pk": 19, "model": "contenttypes.contenttype", "fields": {"model": "doorcount", "name": "door count", "app_label": "layouts"}}, {"pk": 13, "model": "contenttypes.contenttype", "fields": {"model": "filtervalue", "name": "filter value", "app_label": "sentry"}}, {"pk": 17, "model": "contenttypes.contenttype", "fields": {"model": "floor", "name": "floor", "app_label": "layouts"}}, {"pk": 3, "model": "contenttypes.contenttype", "fields": {"model": "group", "name": "group", "app_label": "auth"}}, {"pk": 11, "model": "contenttypes.contenttype", "fields": {"model": "groupedmessage", "name": "grouped message", "app_label": "sentry"}}, {"pk": 10, "model": "contenttypes.contenttype", "fields": {"model": "index", "name": "index", "app_label": "indexer"}}, {"pk": 14, "model": "contenttypes.contenttype", "fields": {"model": "layout", "name": "layout", "app_label": "layouts"}}, {"pk": 1, "model": "contenttypes.contenttype", "fields": {"model": "logentry", "name": "log entry", "app_label": "admin"}}, {"pk": 12, "model": "contenttypes.contenttype", "fields": {"model": "message", "name": "message", "app_label": "sentry"}}, {"pk": 5, "model": "contenttypes.contenttype", "fields": {"model": "message", "name": "message", "app_label": "auth"}}, {"pk": 9, "model": "contenttypes.contenttype", "fields": {"model": "migrationhistory", "name": "migration history", "app_label": "south"}}, {"pk": 2, "model": "contenttypes.contenttype", "fields": {"model": "permission", "name": "permission", "app_label": "auth"}}, {"pk": 21, "model": "contenttypes.contenttype", "fields": {"model": "requirements", "name": "requirements", "app_label": "costing"}}, {"pk": 24, "model": "contenttypes.contenttype", "fields": {"model": "roofinsulation", "name": "roof insulation", "app_label": "costing"}}, {"pk": 7, "model": "contenttypes.contenttype", "fields": {"model": "session", "name": "session", "app_label": "sessions"}}, {"pk": 8, "model": "contenttypes.contenttype", "fields": {"model": "site", "name": "site", "app_label": "sites"}}, {"pk": 20, "model": "contenttypes.contenttype", "fields": {"model": "standard", "name": "standard", "app_label": "costing"}}, {"pk": 4, "model": "contenttypes.contenttype", "fields": {"model": "user", "name": "user", "app_label": "auth"}}, {"pk": 23, "model": "contenttypes.contenttype", "fields": {"model": "wallinsulation", "name": "wall insulation", "app_label": "costing"}}, {"pk": 25, "model": "contenttypes.contenttype", "fields": {"model": "window", "name": "window", "app_label": "costing"}}, {"pk": 15, "model": "contenttypes.contenttype", "fields": {"model": "window", "name": "window", "app_label": "layouts"}}, {"pk": 18, "model": "contenttypes.contenttype", "fields": {"model": "windowcount", "name": "window count", "app_label": "layouts"}}, {"pk": "6ab52f019306d9ab9d697ba0be9a31f6", "model": "sessions.session", "fields": {"expire_date": "2011-03-17 10:14:38", "session_data": "gAJ9cQEoVQ1fYXV0aF91c2VyX2lkSwJVEl9hdXRoX3VzZXJfYmFja2VuZFUpZGphbmdvLmNvbnRy\naWIuYXV0aC5iYWNrZW5kcy5Nb2RlbEJhY2tlbmRxAnUuZGEyNTY1MWUyMWEzMjM4NDJiNTM0YTlm\nMmRmY2ZmZWE=\n"}}, {"pk": "9e9eaa29d49d7057e213d988dfd13de6", "model": "sessions.session", "fields": {"expire_date": "2011-04-13 10:56:58", "session_data": "ZTFmMWI4ZjVhM2QxMWUwODMzMDE5YzczOGUzZGQyNjA1OGYzMTE0YTqAAn1xAShVCnRlc3Rjb29r\naWVxAlUGd29ya2VkcQNVDV9hdXRoX3VzZXJfaWRLAlUSX2F1dGhfdXNlcl9iYWNrZW5kVSlkamFu\nZ28uY29udHJpYi5hdXRoLmJhY2tlbmRzLk1vZGVsQmFja2VuZHUu\n"}}, {"pk": "8ea101a0e6ff92a8a813389ff4cafde4", "model": "sessions.session", "fields": {"expire_date": "2011-04-14 13:24:44", "session_data": "MjMzMmQ2NzYxODhmNjY5YmQ2NzI0ZmZkMjE2ZjhkN2Q1NWQzZmMwODqAAn1xAShVEl9hdXRoX3Vz\nZXJfYmFja2VuZHECVSlkamFuZ28uY29udHJpYi5hdXRoLmJhY2tlbmRzLk1vZGVsQmFja2VuZHED\nVQ1fYXV0aF91c2VyX2lkcQRLAnUu\n"}}, {"pk": "3de579300d03c381dd64bc8fb1ca0650", "model": "sessions.session", "fields": {"expire_date": "2011-04-26 19:51:03", "session_data": "NWUxYjJhZTk1ZWJhMTc5NTY0MjIwYjQ1NGRlMDE2OThlZDdlZjFjMTqAAn1xAShVEl9hdXRoX3Vz\nZXJfYmFja2VuZHECVSlkamFuZ28uY29udHJpYi5hdXRoLmJhY2tlbmRzLk1vZGVsQmFja2VuZHED\nVQ1fYXV0aF91c2VyX2lkcQRLAXUu\n"}}, {"pk": 1, "model": "sites.site", "fields": {"domain": "127.0.0.1:8000", "name": "GreenPrimer.com"}}, {"pk": 1, "model": "south.migrationhistory", "fields": {"applied": "2010-12-09 23:37:14", "app_name": "indexer", "migration": "0001_initial"}}, {"pk": 2, "model": "south.migrationhistory", "fields": {"applied": "2010-12-09 23:37:15", "app_name": "sentry", "migration": "0001_initial"}}, {"pk": 9, "model": "layouts.layout", "fields": {"outline": "[{\"id\":1,\"source\":{\"x\":540,\"y\":820,\"id\":1},\"dest\":{\"x\":540,\"y\":1200,\"id\":3},\"outer\":true,\"elements\":[]},{\"id\":2,\"source\":{\"x\":540,\"y\":1200,\"id\":3},\"dest\":{\"x\":840,\"y\":1200,\"id\":5},\"outer\":true,\"elements\":[]},{\"id\":3,\"source\":{\"x\":840,\"y\":1200,\"id\":5},\"dest\":{\"x\":840,\"y\":1080,\"id\":7},\"outer\":true,\"elements\":[]},{\"id\":4,\"source\":{\"x\":840,\"y\":1080,\"id\":7},\"dest\":{\"x\":1140,\"y\":1080,\"id\":9},\"outer\":true,\"elements\":[]},{\"id\":6,\"source\":{\"x\":1140,\"y\":1080,\"id\":9},\"dest\":{\"x\":1140,\"y\":1200,\"id\":12},\"outer\":true,\"elements\":[]},{\"id\":7,\"source\":{\"x\":1140,\"y\":1200,\"id\":12},\"dest\":{\"x\":1460,\"y\":1200,\"id\":14},\"outer\":true,\"elements\":[]},{\"id\":8,\"source\":{\"x\":1460,\"y\":1200,\"id\":14},\"dest\":{\"x\":1460,\"y\":820,\"id\":16},\"outer\":true,\"elements\":[]},{\"id\":11,\"source\":{\"x\":1460,\"y\":820,\"id\":16},\"dest\":{\"x\":540,\"y\":820,\"id\":1},\"outer\":true,\"elements\":[]}]", "zone": 6, "floor_area": 781.0, "story_height": 7.0, "budget": "6000.00", "perimiter": 142.0, "user": 2, "name": "Nate's House (unfinished)"}}, {"pk": 1, "model": "layouts.layout", "fields": {"outline": "[{\"id\":1,\"source\":{\"x\":540,\"y\":820,\"id\":1},\"dest\":{\"x\":540,\"y\":1200,\"id\":3},\"outer\":true,\"elements\":[]},{\"id\":2,\"source\":{\"x\":540,\"y\":1200,\"id\":3},\"dest\":{\"x\":840,\"y\":1200,\"id\":5},\"outer\":true,\"elements\":[]},{\"id\":3,\"source\":{\"x\":840,\"y\":1200,\"id\":5},\"dest\":{\"x\":840,\"y\":1080,\"id\":7},\"outer\":true,\"elements\":[]},{\"id\":4,\"source\":{\"x\":840,\"y\":1080,\"id\":7},\"dest\":{\"x\":1140,\"y\":1080,\"id\":9},\"outer\":true,\"elements\":[]},{\"id\":6,\"source\":{\"x\":1140,\"y\":1080,\"id\":9},\"dest\":{\"x\":1140,\"y\":1200,\"id\":12},\"outer\":true,\"elements\":[]},{\"id\":7,\"source\":{\"x\":1140,\"y\":1200,\"id\":12},\"dest\":{\"x\":1460,\"y\":1200,\"id\":14},\"outer\":true,\"elements\":[]},{\"id\":8,\"source\":{\"x\":1460,\"y\":1200,\"id\":14},\"dest\":{\"x\":1460,\"y\":820,\"id\":16},\"outer\":true,\"elements\":[]},{\"id\":11,\"source\":{\"x\":1460,\"y\":820,\"id\":16},\"dest\":{\"x\":540,\"y\":820,\"id\":1},\"outer\":true,\"elements\":[]}]", "zone": 6, "floor_area": 781.0, "story_height": 7.0, "budget": "6000.00", "perimiter": 142.0, "user": 2, "name": "Nate's House"}}, {"pk": 2, "model": "layouts.layout", "fields": {"outline": "[{\"id\":1,\"source\":{\"x\":700,\"y\":800,\"id\":1},\"dest\":{\"x\":700,\"y\":1040,\"id\":3},\"outer\":true,\"elements\":[]},{\"id\":3,\"source\":{\"x\":700,\"y\":1040,\"id\":3},\"dest\":{\"x\":780,\"y\":1040,\"id\":6},\"outer\":true,\"elements\":[]},{\"id\":4,\"source\":{\"x\":780,\"y\":1040,\"id\":6},\"dest\":{\"x\":780,\"y\":1140,\"id\":8},\"outer\":true,\"elements\":[]},{\"id\":5,\"source\":{\"x\":780,\"y\":1140,\"id\":8},\"dest\":{\"x\":700,\"y\":1140,\"id\":10},\"outer\":true,\"elements\":[]},{\"id\":6,\"source\":{\"x\":700,\"y\":1140,\"id\":10},\"dest\":{\"x\":700,\"y\":1380,\"id\":12},\"outer\":true,\"elements\":[]},{\"id\":7,\"source\":{\"x\":700,\"y\":1380,\"id\":12},\"dest\":{\"x\":940,\"y\":1380,\"id\":14},\"outer\":true,\"elements\":[]},{\"id\":8,\"source\":{\"x\":940,\"y\":1380,\"id\":14},\"dest\":{\"x\":940,\"y\":1300,\"id\":16},\"outer\":true,\"elements\":[]},{\"id\":10,\"source\":{\"x\":940,\"y\":1300,\"id\":16},\"dest\":{\"x\":1060,\"y\":1300,\"id\":19},\"outer\":true,\"elements\":[]},{\"id\":11,\"source\":{\"x\":1060,\"y\":1300,\"id\":19},\"dest\":{\"x\":1060,\"y\":1380,\"id\":21},\"outer\":true,\"elements\":[]},{\"id\":12,\"source\":{\"x\":1060,\"y\":1380,\"id\":21},\"dest\":{\"x\":1300,\"y\":1380,\"id\":23},\"outer\":true,\"elements\":[]},{\"id\":14,\"source\":{\"x\":1300,\"y\":1380,\"id\":23},\"dest\":{\"x\":1300,\"y\":1140,\"id\":26},\"outer\":true,\"elements\":[]},{\"id\":15,\"source\":{\"x\":1300,\"y\":1140,\"id\":26},\"dest\":{\"x\":1220,\"y\":1140,\"id\":28},\"outer\":true,\"elements\":[]},{\"id\":16,\"source\":{\"x\":1220,\"y\":1140,\"id\":28},\"dest\":{\"x\":1220,\"y\":1040,\"id\":30},\"outer\":true,\"elements\":[]},{\"id\":17,\"source\":{\"x\":1220,\"y\":1040,\"id\":30},\"dest\":{\"x\":1300,\"y\":1040,\"id\":32},\"outer\":true,\"elements\":[]},{\"id\":18,\"source\":{\"x\":1300,\"y\":1040,\"id\":32},\"dest\":{\"x\":1300,\"y\":800,\"id\":34},\"outer\":true,\"elements\":[]},{\"id\":19,\"source\":{\"x\":1300,\"y\":800,\"id\":34},\"dest\":{\"x\":1060,\"y\":800,\"id\":36},\"outer\":true,\"elements\":[]},{\"id\":20,\"source\":{\"x\":1060,\"y\":800,\"id\":36},\"dest\":{\"x\":1060,\"y\":880,\"id\":38},\"outer\":true,\"elements\":[]},{\"id\":22,\"source\":{\"x\":1060,\"y\":880,\"id\":38},\"dest\":{\"x\":940,\"y\":880,\"id\":41},\"outer\":true,\"elements\":[]},{\"id\":23,\"source\":{\"x\":940,\"y\":880,\"id\":41},\"dest\":{\"x\":940,\"y\":800,\"id\":43},\"outer\":true,\"elements\":[]},{\"id\":24,\"source\":{\"x\":940,\"y\":800,\"id\":43},\"dest\":{\"x\":700,\"y\":800,\"id\":1},\"outer\":true,\"elements\":[]}]", "zone": 4, "floor_area": 578.0, "story_height": 8.0, "budget": "1000000.00", "perimiter": 150.0, "user": 2, "name": "Demonstration"}}, {"pk": 3, "model": "layouts.layout", "fields": {"outline": "[{\"id\":1,\"source\":{\"x\":540,\"y\":860,\"id\":1},\"dest\":{\"x\":1480,\"y\":860,\"id\":3},\"outer\":true,\"elements\":[]},{\"id\":2,\"source\":{\"x\":1480,\"y\":860,\"id\":3},\"dest\":{\"x\":1480,\"y\":1220,\"id\":5},\"outer\":true,\"elements\":[]},{\"id\":3,\"source\":{\"x\":1480,\"y\":1220,\"id\":5},\"dest\":{\"x\":1160,\"y\":1220,\"id\":7},\"outer\":true,\"elements\":[]},{\"id\":4,\"source\":{\"x\":1160,\"y\":1220,\"id\":7},\"dest\":{\"x\":1160,\"y\":1160,\"id\":9},\"outer\":true,\"elements\":[]},{\"id\":5,\"source\":{\"x\":1160,\"y\":1160,\"id\":9},\"dest\":{\"x\":860,\"y\":1160,\"id\":11},\"outer\":true,\"elements\":[]},{\"id\":6,\"source\":{\"x\":860,\"y\":1160,\"id\":11},\"dest\":{\"x\":860,\"y\":1220,\"id\":13},\"outer\":true,\"elements\":[]},{\"id\":7,\"source\":{\"x\":860,\"y\":1220,\"id\":13},\"dest\":{\"x\":540,\"y\":1220,\"id\":15},\"outer\":true,\"elements\":[]},{\"id\":8,\"source\":{\"x\":540,\"y\":1220,\"id\":15},\"dest\":{\"x\":540,\"y\":860,\"id\":1},\"outer\":true,\"elements\":[]}]", "zone": 6, "floor_area": 799.5, "story_height": 8.0, "budget": "2000000.00", "perimiter": 136.0, "user": 2, "name": "Dream House"}}, {"pk": 1, "model": "layouts.window", "fields": {"index": 1, "layout": 1, "height": 18, "width": 12, "curtain": false, "label": "Small"}}, {"pk": 2, "model": "layouts.window", "fields": {"index": 2, "layout": 1, "height": 36, "width": 22, "curtain": false, "label": "Standard"}}, {"pk": 3, "model": "layouts.window", "fields": {"index": 3, "layout": 1, "height": 120, "width": 60, "curtain": true, "label": "Living Room"}}, {"pk": 4, "model": "layouts.window", "fields": {"index": 4, "layout": 2, "height": 36, "width": 12, "curtain": false, "label": "Standard"}}, {"pk": 5, "model": "layouts.window", "fields": {"index": 5, "layout": 2, "height": 60, "width": 30, "curtain": false, "label": "Large"}}, {"pk": 6, "model": "layouts.window", "fields": {"index": 6, "layout": 2, "height": 120, "width": 60, "curtain": true, "label": "Full"}}, {"pk": 7, "model": "layouts.window", "fields": {"index": 7, "layout": 3, "height": 36, "width": 24, "curtain": false, "label": "Small"}}, {"pk": 8, "model": "layouts.window", "fields": {"index": 8, "layout": 3, "height": 60, "width": 48, "curtain": false, "label": "Large"}}, {"pk": 9, "model": "layouts.window", "fields": {"index": 9, "layout": 3, "height": 120, "width": 60, "curtain": true, "label": "Full"}}, {"pk": 20, "model": "layouts.window", "fields": {"index": 1, "layout": 9, "height": 18, "width": 12, "curtain": false, "label": "Small"}}, {"pk": 21, "model": "layouts.window", "fields": {"index": 2, "layout": 9, "height": 36, "width": 22, "curtain": false, "label": "Standard"}}, {"pk": 22, "model": "layouts.window", "fields": {"index": 3, "layout": 9, "height": 120, "width": 60, "curtain": true, "label": "Living Room"}}, {"pk": 1, "model": "layouts.door", "fields": {"index": 1, "layout": 1, "width": 32, "label": "Standard"}}, {"pk": 2, "model": "layouts.door", "fields": {"index": 2, "layout": 1, "width": 48, "label": "Glass"}}, {"pk": 3, "model": "layouts.door", "fields": {"index": 3, "layout": 1, "width": 84, "label": "Garage"}}, {"pk": 4, "model": "layouts.door", "fields": {"index": 4, "layout": 2, "width": 32, "label": "Standard"}}, {"pk": 5, "model": "layouts.door", "fields": {"index": 5, "layout": 2, "width": 36, "label": "Exterior"}}, {"pk": 7, "model": "layouts.door", "fields": {"index": 7, "layout": 3, "width": 30, "label": "Standard"}}, {"pk": 8, "model": "layouts.door", "fields": {"index": 8, "layout": 3, "width": 42, "label": "Exterior"}}, {"pk": 20, "model": "layouts.door", "fields": {"index": 1, "layout": 9, "width": 32, "label": "Standard"}}, {"pk": 21, "model": "layouts.door", "fields": {"index": 2, "layout": 9, "width": 48, "label": "Glass"}}, {"pk": 22, "model": "layouts.door", "fields": {"index": 3, "layout": 9, "width": 84, "label": "Garage"}}, {"pk": 18, "model": "layouts.floor", "fields": {"story": 0, "json": "\"[{\\\"id\\\": 1, \\\"source\\\": {\\\"x\\\": 540, \\\"y\\\": 820, \\\"id\\\": 1}, \\\"dest\\\": {\\\"x\\\": 540, \\\"y\\\": 1200, \\\"id\\\": 3}, \\\"outer\\\": true, \\\"elements\\\": [{\\\"type\\\": \\\"window\\\", \\\"offset\\\": 141.01418368376991, \\\"pk\\\": 1, \\\"id\\\": 6}, {\\\"type\\\": \\\"window\\\", \\\"offset\\\": 64.00781202322104, \\\"pk\\\": 1, \\\"id\\\": 7}]}, {\\\"id\\\": 2, \\\"source\\\": {\\\"x\\\": 540, \\\"y\\\": 1200, \\\"id\\\": 3}, \\\"dest\\\": {\\\"x\\\": 840, \\\"y\\\": 1200, \\\"id\\\": 5}, \\\"outer\\\": true, \\\"elements\\\": [{\\\"type\\\": \\\"door\\\", \\\"offset\\\": 225.00222221124838, \\\"pk\\\": \\\"3\\\", \\\"id\\\": 34}, {\\\"type\\\": \\\"door\\\", \\\"offset\\\": 79.05694150420949, \\\"pk\\\": \\\"3\\\", \\\"id\\\": 36}]}, {\\\"id\\\": 3, \\\"source\\\": {\\\"x\\\": 840, \\\"y\\\": 1200, \\\"id\\\": 5}, \\\"dest\\\": {\\\"x\\\": 840, \\\"y\\\": 1080, \\\"id\\\": 7}, \\\"outer\\\": true, \\\"elements\\\": [{\\\"type\\\": \\\"door\\\", \\\"offset\\\": 31.016124838541646, \\\"pk\\\": 1, \\\"id\\\": 24}]}, {\\\"id\\\": 4, \\\"source\\\": {\\\"x\\\": 840, \\\"y\\\": 1080, \\\"id\\\": 7}, \\\"dest\\\": {\\\"x\\\": 1140, \\\"y\\\": 1080, \\\"id\\\": 9}, \\\"outer\\\": true, \\\"elements\\\": [{\\\"type\\\": \\\"window\\\", \\\"offset\\\": 196.02295783912658, \\\"pk\\\": 2, \\\"id\\\": 11}, {\\\"type\\\": \\\"window\\\", \\\"offset\\\": 235.00851048419503, \\\"pk\\\": 2, \\\"id\\\": 12}, {\\\"type\\\": \\\"window\\\", \\\"offset\\\": 274.0164228654918, \\\"pk\\\": 2, \\\"id\\\": 13}, {\\\"type\\\": \\\"vent\\\", \\\"offset\\\": 255, \\\"dx\\\": 0, \\\"dy\\\": -9, \\\"id\\\": 22}, {\\\"type\\\": \\\"vent\\\", \\\"offset\\\": 172, \\\"dx\\\": 0, \\\"dy\\\": -9, \\\"id\\\": 69}, {\\\"type\\\": \\\"vent\\\", \\\"offset\\\": 214, \\\"dx\\\": 0, \\\"dy\\\": -9, \\\"id\\\": 73}]}, {\\\"id\\\": 6, \\\"source\\\": {\\\"x\\\": 1140, \\\"y\\\": 1080, \\\"id\\\": 9}, \\\"dest\\\": {\\\"x\\\": 1140, \\\"y\\\": 1200, \\\"id\\\": 12}, \\\"outer\\\": true, \\\"elements\\\": []}, {\\\"id\\\": 7, \\\"source\\\": {\\\"x\\\": 1140, \\\"y\\\": 1200, \\\"id\\\": 12}, \\\"dest\\\": {\\\"x\\\": 1460, \\\"y\\\": 1200, \\\"id\\\": 14}, \\\"outer\\\": true, \\\"elements\\\": [{\\\"type\\\": \\\"window\\\", \\\"offset\\\": 13, \\\"pk\\\": 1, \\\"id\\\": 1}, {\\\"type\\\": \\\"window\\\", \\\"offset\\\": 64.00781202322104, \\\"pk\\\": 1, \\\"id\\\": 2}, {\\\"type\\\": \\\"window\\\", \\\"offset\\\": 192, \\\"pk\\\": 2, \\\"id\\\": 8}, {\\\"type\\\": \\\"window\\\", \\\"offset\\\": 238.0021008310641, \\\"pk\\\": 2, \\\"id\\\": 9}, {\\\"type\\\": \\\"window\\\", \\\"offset\\\": 283.0070670495703, \\\"pk\\\": 2, \\\"id\\\": 10}, {\\\"type\\\": \\\"door\\\", \\\"offset\\\": 39.01281840626232, \\\"pk\\\": 1, \\\"id\\\": 30}, {\\\"type\\\": \\\"vent\\\", \\\"offset\\\": 259.0077218926108, \\\"dx\\\": 0, \\\"dy\\\": -9, \\\"id\\\": 66}, {\\\"type\\\": \\\"vent\\\", \\\"offset\\\": 214, \\\"dx\\\": 0, \\\"dy\\\": -9, \\\"id\\\": 67}, {\\\"type\\\": \\\"vent\\\", \\\"offset\\\": 171.00292395160966, \\\"dx\\\": 0, \\\"dy\\\": -9, \\\"id\\\": 68}]}, {\\\"id\\\": 8, \\\"source\\\": {\\\"x\\\": 1460, \\\"y\\\": 1200, \\\"id\\\": 14}, \\\"dest\\\": {\\\"x\\\": 1460, \\\"y\\\": 820, \\\"id\\\": 16}, \\\"outer\\\": true, \\\"elements\\\": []}, {\\\"id\\\": 11, \\\"source\\\": {\\\"x\\\": 1460, \\\"y\\\": 820, \\\"id\\\": 16}, \\\"dest\\\": {\\\"x\\\": 540, \\\"y\\\": 820, \\\"id\\\": 1}, \\\"outer\\\": true, \\\"elements\\\": [{\\\"type\\\": \\\"window\\\", \\\"offset\\\": 292.00171232374646, \\\"pk\\\": 1, \\\"id\\\": 3}, {\\\"type\\\": \\\"window\\\", \\\"offset\\\": 681.0117473289282, \\\"pk\\\": 1, \\\"id\\\": 4}, {\\\"type\\\": \\\"window\\\", \\\"offset\\\": 736.0006793475126, \\\"pk\\\": 1, \\\"id\\\": 5}, {\\\"type\\\": \\\"vent\\\", \\\"offset\\\": 192.00260414900626, \\\"dx\\\": 0, \\\"dy\\\": 9, \\\"id\\\": 81}]}, {\\\"id\\\": 12, \\\"source\\\": {\\\"x\\\": 840, \\\"y\\\": 1080, \\\"id\\\": 17}, \\\"dest\\\": {\\\"x\\\": 840, \\\"y\\\": 820, \\\"id\\\": 19}, \\\"outer\\\": false, \\\"elements\\\": [{\\\"type\\\": \\\"door\\\", \\\"offset\\\": 40.049968789001575, \\\"pk\\\": 1, \\\"id\\\": 7}, {\\\"type\\\": \\\"vent\\\", \\\"offset\\\": 189, \\\"dx\\\": 9, \\\"dy\\\": 0, \\\"id\\\": 74}, {\\\"type\\\": \\\"vent\\\", \\\"offset\\\": 140.00357138301865, \\\"dx\\\": 9, \\\"dy\\\": 0, \\\"id\\\": 75}]}, {\\\"id\\\": 13, \\\"source\\\": {\\\"x\\\": 1460, \\\"y\\\": 980, \\\"id\\\": 18}, \\\"dest\\\": {\\\"x\\\": 1460, \\\"y\\\": 1200, \\\"id\\\": 14}, \\\"outer\\\": true, \\\"elements\\\": []}, {\\\"id\\\": 14, \\\"source\\\": {\\\"x\\\": 540, \\\"y\\\": 920, \\\"id\\\": 22}, \\\"dest\\\": {\\\"x\\\": 840, \\\"y\\\": 920, \\\"id\\\": 24}, \\\"outer\\\": false, \\\"elements\\\": [{\\\"type\\\": \\\"door\\\", \\\"offset\\\": 208.00961516237658, \\\"pk\\\": 1, \\\"id\\\": 5}]}, {\\\"id\\\": 17, \\\"source\\\": {\\\"x\\\": 1080, \\\"y\\\": 1000, \\\"id\\\": 28}, \\\"dest\\\": {\\\"x\\\": 1080, \\\"y\\\": 940, \\\"id\\\": 30}, \\\"outer\\\": false, \\\"elements\\\": []}, {\\\"id\\\": 20, \\\"source\\\": {\\\"x\\\": 1140, \\\"y\\\": 1080, \\\"id\\\": 33}, \\\"dest\\\": {\\\"x\\\": 1140, \\\"y\\\": 820, \\\"id\\\": 35}, \\\"outer\\\": false, \\\"elements\\\": [{\\\"type\\\": \\\"door\\\", \\\"offset\\\": 58.008620049092706, \\\"pk\\\": 1, \\\"id\\\": 9}]}, {\\\"id\\\": 27, \\\"source\\\": {\\\"x\\\": 1220, \\\"y\\\": 1080, \\\"id\\\": 46}, \\\"dest\\\": {\\\"x\\\": 1340, \\\"y\\\": 1080, \\\"id\\\": 48}, \\\"outer\\\": false, \\\"elements\\\": [{\\\"type\\\": \\\"door\\\", \\\"offset\\\": 34, \\\"pk\\\": 1, \\\"id\\\": 12}]}, {\\\"id\\\": 28, \\\"source\\\": {\\\"x\\\": 1340, \\\"y\\\": 1080, \\\"id\\\": 48}, \\\"dest\\\": {\\\"x\\\": 1340, \\\"y\\\": 900, \\\"id\\\": 50}, \\\"outer\\\": false, \\\"elements\\\": [{\\\"type\\\": \\\"door\\\", \\\"offset\\\": 31.064449134018133, \\\"pk\\\": 1, \\\"id\\\": 11}]}, {\\\"id\\\": 29, \\\"source\\\": {\\\"x\\\": 1340, \\\"y\\\": 900, \\\"id\\\": 50}, \\\"dest\\\": {\\\"x\\\": 1460, \\\"y\\\": 900, \\\"id\\\": 52}, \\\"outer\\\": false, \\\"elements\\\": []}, {\\\"id\\\": 31, \\\"source\\\": {\\\"x\\\": 1140, \\\"y\\\": 980, \\\"id\\\": 54}, \\\"dest\\\": {\\\"x\\\": 1220, \\\"y\\\": 980, \\\"id\\\": 56}, \\\"outer\\\": false, \\\"elements\\\": [{\\\"type\\\": \\\"door\\\", \\\"offset\\\": 35, \\\"pk\\\": \\\"1\\\", \\\"id\\\": 37}]}, {\\\"id\\\": 32, \\\"source\\\": {\\\"x\\\": 1220, \\\"y\\\": 980, \\\"id\\\": 56}, \\\"dest\\\": {\\\"x\\\": 1260, \\\"y\\\": 960, \\\"id\\\": 58}, \\\"outer\\\": false, \\\"elements\\\": []}, {\\\"id\\\": 33, \\\"source\\\": {\\\"x\\\": 1260, \\\"y\\\": 960, \\\"id\\\": 58}, \\\"dest\\\": {\\\"x\\\": 1260, \\\"y\\\": 900, \\\"id\\\": 60}, \\\"outer\\\": false, \\\"elements\\\": [{\\\"type\\\": \\\"door\\\", \\\"offset\\\": 30, \\\"pk\\\": \\\"1\\\", \\\"id\\\": 38}]}, {\\\"id\\\": 34, \\\"source\\\": {\\\"x\\\": 1260, \\\"y\\\": 900, \\\"id\\\": 60}, \\\"dest\\\": {\\\"x\\\": 1340, \\\"y\\\": 900, \\\"id\\\": 50}, \\\"outer\\\": false, \\\"elements\\\": [{\\\"type\\\": \\\"door\\\", \\\"offset\\\": 37.013511046643494, \\\"pk\\\": 1, \\\"id\\\": 10}]}, {\\\"id\\\": 35, \\\"source\\\": {\\\"x\\\": 1260, \\\"y\\\": 900, \\\"id\\\": 60}, \\\"dest\\\": {\\\"x\\\": 1140, \\\"y\\\": 900, \\\"id\\\": 63}, \\\"outer\\\": false, \\\"elements\\\": []}, {\\\"id\\\": 37, \\\"source\\\": {\\\"x\\\": 1340, \\\"y\\\": 820, \\\"id\\\": 65}, \\\"dest\\\": {\\\"x\\\": 1340, \\\"y\\\": 860, \\\"id\\\": 67}, \\\"outer\\\": false, \\\"elements\\\": []}, {\\\"id\\\": 39, \\\"source\\\": {\\\"x\\\": 1360, \\\"y\\\": 860, \\\"id\\\": 69}, \\\"dest\\\": {\\\"x\\\": 1340, \\\"y\\\": 860, \\\"id\\\": 67}, \\\"outer\\\": false, \\\"elements\\\": []}, {\\\"id\\\": 40, \\\"source\\\": {\\\"x\\\": 1220, \\\"y\\\": 1080, \\\"id\\\": 46}, \\\"dest\\\": {\\\"x\\\": 1220, \\\"y\\\": 1200, \\\"id\\\": 72}, \\\"outer\\\": false, \\\"elements\\\": []}, {\\\"id\\\": 42, \\\"source\\\": {\\\"x\\\": 1280, \\\"y\\\": 1080, \\\"id\\\": 74}, \\\"dest\\\": {\\\"x\\\": 1280, \\\"y\\\": 1200, \\\"id\\\": 76}, \\\"outer\\\": false, \\\"elements\\\": []}, {\\\"id\\\": 43, \\\"source\\\": {\\\"x\\\": 1420, \\\"y\\\": 820, \\\"id\\\": 77}, \\\"dest\\\": {\\\"x\\\": 1420, \\\"y\\\": 860, \\\"id\\\": 79}, \\\"outer\\\": false, \\\"elements\\\": []}, {\\\"id\\\": 24, \\\"source\\\": {\\\"x\\\": 840, \\\"y\\\": 860, \\\"id\\\": 41}, \\\"dest\\\": {\\\"x\\\": 1140, \\\"y\\\": 860, \\\"id\\\": 43}, \\\"outer\\\": false, \\\"elements\\\": [{\\\"type\\\": \\\"door\\\", \\\"offset\\\": 201, \\\"pk\\\": 1, \\\"id\\\": 8}, {\\\"type\\\": \\\"vent\\\", \\\"offset\\\": 39.01281840626232, \\\"dx\\\": 0, \\\"dy\\\": 9, \\\"id\\\": 77}, {\\\"type\\\": \\\"vent\\\", \\\"offset\\\": 78.00640999302557, \\\"dx\\\": 0, \\\"dy\\\": 9, \\\"id\\\": 78}]}, {\\\"id\\\": 16, \\\"source\\\": {\\\"x\\\": 840, \\\"y\\\": 1000, \\\"id\\\": 26}, \\\"dest\\\": {\\\"x\\\": 1080, \\\"y\\\": 1000, \\\"id\\\": 28}, \\\"outer\\\": false, \\\"elements\\\": []}]\"", "layout": 9, "name": "First Floor"}}, {"pk": 1, "model": "layouts.floor", "fields": {"story": 0, "json": "\"[{\\\"id\\\": 1, \\\"source\\\": {\\\"x\\\": 540, \\\"y\\\": 820, \\\"id\\\": 1}, \\\"dest\\\": {\\\"x\\\": 540, \\\"y\\\": 1200, \\\"id\\\": 3}, \\\"outer\\\": true, \\\"elements\\\": [{\\\"type\\\": \\\"window\\\", \\\"offset\\\": 141.01418368376991, \\\"pk\\\": 1, \\\"id\\\": 6}, {\\\"type\\\": \\\"window\\\", \\\"offset\\\": 64.00781202322104, \\\"pk\\\": 1, \\\"id\\\": 7}]}, {\\\"id\\\": 2, \\\"source\\\": {\\\"x\\\": 540, \\\"y\\\": 1200, \\\"id\\\": 3}, \\\"dest\\\": {\\\"x\\\": 840, \\\"y\\\": 1200, \\\"id\\\": 5}, \\\"outer\\\": true, \\\"elements\\\": [{\\\"type\\\": \\\"door\\\", \\\"offset\\\": 225.00222221124838, \\\"pk\\\": \\\"3\\\", \\\"id\\\": 34}, {\\\"type\\\": \\\"door\\\", \\\"offset\\\": 79.05694150420949, \\\"pk\\\": \\\"3\\\", \\\"id\\\": 36}]}, {\\\"id\\\": 3, \\\"source\\\": {\\\"x\\\": 840, \\\"y\\\": 1200, \\\"id\\\": 5}, \\\"dest\\\": {\\\"x\\\": 840, \\\"y\\\": 1080, \\\"id\\\": 7}, \\\"outer\\\": true, \\\"elements\\\": [{\\\"type\\\": \\\"door\\\", \\\"offset\\\": 31.016124838541646, \\\"pk\\\": 1, \\\"id\\\": 24}]}, {\\\"id\\\": 4, \\\"source\\\": {\\\"x\\\": 840, \\\"y\\\": 1080, \\\"id\\\": 7}, \\\"dest\\\": {\\\"x\\\": 1140, \\\"y\\\": 1080, \\\"id\\\": 9}, \\\"outer\\\": true, \\\"elements\\\": [{\\\"type\\\": \\\"window\\\", \\\"offset\\\": 196.02295783912658, \\\"pk\\\": 2, \\\"id\\\": 11}, {\\\"type\\\": \\\"window\\\", \\\"offset\\\": 235.00851048419503, \\\"pk\\\": 2, \\\"id\\\": 12}, {\\\"type\\\": \\\"window\\\", \\\"offset\\\": 274.0164228654918, \\\"pk\\\": 2, \\\"id\\\": 13}, {\\\"type\\\": \\\"vent\\\", \\\"offset\\\": 255, \\\"dx\\\": 0, \\\"dy\\\": -9, \\\"id\\\": 22}, {\\\"type\\\": \\\"vent\\\", \\\"offset\\\": 172, \\\"dx\\\": 0, \\\"dy\\\": -9, \\\"id\\\": 69}, {\\\"type\\\": \\\"vent\\\", \\\"offset\\\": 214, \\\"dx\\\": 0, \\\"dy\\\": -9, \\\"id\\\": 73}]}, {\\\"id\\\": 6, \\\"source\\\": {\\\"x\\\": 1140, \\\"y\\\": 1080, \\\"id\\\": 9}, \\\"dest\\\": {\\\"x\\\": 1140, \\\"y\\\": 1200, \\\"id\\\": 12}, \\\"outer\\\": true, \\\"elements\\\": []}, {\\\"id\\\": 7, \\\"source\\\": {\\\"x\\\": 1140, \\\"y\\\": 1200, \\\"id\\\": 12}, \\\"dest\\\": {\\\"x\\\": 1460, \\\"y\\\": 1200, \\\"id\\\": 14}, \\\"outer\\\": true, \\\"elements\\\": [{\\\"type\\\": \\\"window\\\", \\\"offset\\\": 13, \\\"pk\\\": 1, \\\"id\\\": 1}, {\\\"type\\\": \\\"window\\\", \\\"offset\\\": 64.00781202322104, \\\"pk\\\": 1, \\\"id\\\": 2}, {\\\"type\\\": \\\"window\\\", \\\"offset\\\": 192, \\\"pk\\\": 2, \\\"id\\\": 8}, {\\\"type\\\": \\\"window\\\", \\\"offset\\\": 238.0021008310641, \\\"pk\\\": 2, \\\"id\\\": 9}, {\\\"type\\\": \\\"window\\\", \\\"offset\\\": 283.0070670495703, \\\"pk\\\": 2, \\\"id\\\": 10}, {\\\"type\\\": \\\"door\\\", \\\"offset\\\": 39.01281840626232, \\\"pk\\\": 1, \\\"id\\\": 30}, {\\\"type\\\": \\\"vent\\\", \\\"offset\\\": 259.0077218926108, \\\"dx\\\": 0, \\\"dy\\\": -9, \\\"id\\\": 66}, {\\\"type\\\": \\\"vent\\\", \\\"offset\\\": 214, \\\"dx\\\": 0, \\\"dy\\\": -9, \\\"id\\\": 67}, {\\\"type\\\": \\\"vent\\\", \\\"offset\\\": 171.00292395160966, \\\"dx\\\": 0, \\\"dy\\\": -9, \\\"id\\\": 68}]}, {\\\"id\\\": 8, \\\"source\\\": {\\\"x\\\": 1460, \\\"y\\\": 1200, \\\"id\\\": 14}, \\\"dest\\\": {\\\"x\\\": 1460, \\\"y\\\": 820, \\\"id\\\": 16}, \\\"outer\\\": true, \\\"elements\\\": []}, {\\\"id\\\": 11, \\\"source\\\": {\\\"x\\\": 1460, \\\"y\\\": 820, \\\"id\\\": 16}, \\\"dest\\\": {\\\"x\\\": 540, \\\"y\\\": 820, \\\"id\\\": 1}, \\\"outer\\\": true, \\\"elements\\\": [{\\\"type\\\": \\\"window\\\", \\\"offset\\\": 292.00171232374646, \\\"pk\\\": 1, \\\"id\\\": 3}, {\\\"type\\\": \\\"window\\\", \\\"offset\\\": 681.0117473289282, \\\"pk\\\": 1, \\\"id\\\": 4}, {\\\"type\\\": \\\"window\\\", \\\"offset\\\": 736.0006793475126, \\\"pk\\\": 1, \\\"id\\\": 5}, {\\\"type\\\": \\\"vent\\\", \\\"offset\\\": 192.00260414900626, \\\"dx\\\": 0, \\\"dy\\\": 9, \\\"id\\\": 81}]}, {\\\"id\\\": 12, \\\"source\\\": {\\\"x\\\": 840, \\\"y\\\": 1080, \\\"id\\\": 17}, \\\"dest\\\": {\\\"x\\\": 840, \\\"y\\\": 820, \\\"id\\\": 19}, \\\"outer\\\": false, \\\"elements\\\": [{\\\"type\\\": \\\"door\\\", \\\"offset\\\": 40.049968789001575, \\\"pk\\\": 1, \\\"id\\\": 7}, {\\\"type\\\": \\\"vent\\\", \\\"offset\\\": 189, \\\"dx\\\": 9, \\\"dy\\\": 0, \\\"id\\\": 74}, {\\\"type\\\": \\\"vent\\\", \\\"offset\\\": 140.00357138301865, \\\"dx\\\": 9, \\\"dy\\\": 0, \\\"id\\\": 75}]}, {\\\"id\\\": 13, \\\"source\\\": {\\\"x\\\": 1460, \\\"y\\\": 980, \\\"id\\\": 18}, \\\"dest\\\": {\\\"x\\\": 1460, \\\"y\\\": 1200, \\\"id\\\": 14}, \\\"outer\\\": true, \\\"elements\\\": []}, {\\\"id\\\": 14, \\\"source\\\": {\\\"x\\\": 540, \\\"y\\\": 920, \\\"id\\\": 22}, \\\"dest\\\": {\\\"x\\\": 840, \\\"y\\\": 920, \\\"id\\\": 24}, \\\"outer\\\": false, \\\"elements\\\": [{\\\"type\\\": \\\"door\\\", \\\"offset\\\": 208.00961516237658, \\\"pk\\\": 1, \\\"id\\\": 5}]}, {\\\"id\\\": 17, \\\"source\\\": {\\\"x\\\": 1080, \\\"y\\\": 1000, \\\"id\\\": 28}, \\\"dest\\\": {\\\"x\\\": 1080, \\\"y\\\": 940, \\\"id\\\": 30}, \\\"outer\\\": false, \\\"elements\\\": []}, {\\\"id\\\": 20, \\\"source\\\": {\\\"x\\\": 1140, \\\"y\\\": 1080, \\\"id\\\": 33}, \\\"dest\\\": {\\\"x\\\": 1140, \\\"y\\\": 820, \\\"id\\\": 35}, \\\"outer\\\": false, \\\"elements\\\": [{\\\"type\\\": \\\"door\\\", \\\"offset\\\": 58.008620049092706, \\\"pk\\\": 1, \\\"id\\\": 9}]}, {\\\"id\\\": 27, \\\"source\\\": {\\\"x\\\": 1220, \\\"y\\\": 1080, \\\"id\\\": 46}, \\\"dest\\\": {\\\"x\\\": 1340, \\\"y\\\": 1080, \\\"id\\\": 48}, \\\"outer\\\": false, \\\"elements\\\": [{\\\"type\\\": \\\"door\\\", \\\"offset\\\": 34, \\\"pk\\\": 1, \\\"id\\\": 12}]}, {\\\"id\\\": 28, \\\"source\\\": {\\\"x\\\": 1340, \\\"y\\\": 1080, \\\"id\\\": 48}, \\\"dest\\\": {\\\"x\\\": 1340, \\\"y\\\": 900, \\\"id\\\": 50}, \\\"outer\\\": false, \\\"elements\\\": [{\\\"type\\\": \\\"door\\\", \\\"offset\\\": 31.064449134018133, \\\"pk\\\": 1, \\\"id\\\": 11}]}, {\\\"id\\\": 29, \\\"source\\\": {\\\"x\\\": 1340, \\\"y\\\": 900, \\\"id\\\": 50}, \\\"dest\\\": {\\\"x\\\": 1460, \\\"y\\\": 900, \\\"id\\\": 52}, \\\"outer\\\": false, \\\"elements\\\": []}, {\\\"id\\\": 31, \\\"source\\\": {\\\"x\\\": 1140, \\\"y\\\": 980, \\\"id\\\": 54}, \\\"dest\\\": {\\\"x\\\": 1220, \\\"y\\\": 980, \\\"id\\\": 56}, \\\"outer\\\": false, \\\"elements\\\": [{\\\"type\\\": \\\"door\\\", \\\"offset\\\": 35, \\\"pk\\\": \\\"1\\\", \\\"id\\\": 37}]}, {\\\"id\\\": 32, \\\"source\\\": {\\\"x\\\": 1220, \\\"y\\\": 980, \\\"id\\\": 56}, \\\"dest\\\": {\\\"x\\\": 1260, \\\"y\\\": 960, \\\"id\\\": 58}, \\\"outer\\\": false, \\\"elements\\\": []}, {\\\"id\\\": 33, \\\"source\\\": {\\\"x\\\": 1260, \\\"y\\\": 960, \\\"id\\\": 58}, \\\"dest\\\": {\\\"x\\\": 1260, \\\"y\\\": 900, \\\"id\\\": 60}, \\\"outer\\\": false, \\\"elements\\\": [{\\\"type\\\": \\\"door\\\", \\\"offset\\\": 30, \\\"pk\\\": \\\"1\\\", \\\"id\\\": 38}]}, {\\\"id\\\": 34, \\\"source\\\": {\\\"x\\\": 1260, \\\"y\\\": 900, \\\"id\\\": 60}, \\\"dest\\\": {\\\"x\\\": 1340, \\\"y\\\": 900, \\\"id\\\": 50}, \\\"outer\\\": false, \\\"elements\\\": [{\\\"type\\\": \\\"door\\\", \\\"offset\\\": 37.013511046643494, \\\"pk\\\": 1, \\\"id\\\": 10}]}, {\\\"id\\\": 35, \\\"source\\\": {\\\"x\\\": 1260, \\\"y\\\": 900, \\\"id\\\": 60}, \\\"dest\\\": {\\\"x\\\": 1140, \\\"y\\\": 900, \\\"id\\\": 63}, \\\"outer\\\": false, \\\"elements\\\": []}, {\\\"id\\\": 37, \\\"source\\\": {\\\"x\\\": 1340, \\\"y\\\": 820, \\\"id\\\": 65}, \\\"dest\\\": {\\\"x\\\": 1340, \\\"y\\\": 860, \\\"id\\\": 67}, \\\"outer\\\": false, \\\"elements\\\": []}, {\\\"id\\\": 39, \\\"source\\\": {\\\"x\\\": 1360, \\\"y\\\": 860, \\\"id\\\": 69}, \\\"dest\\\": {\\\"x\\\": 1340, \\\"y\\\": 860, \\\"id\\\": 67}, \\\"outer\\\": false, \\\"elements\\\": []}, {\\\"id\\\": 40, \\\"source\\\": {\\\"x\\\": 1220, \\\"y\\\": 1080, \\\"id\\\": 46}, \\\"dest\\\": {\\\"x\\\": 1220, \\\"y\\\": 1200, \\\"id\\\": 72}, \\\"outer\\\": false, \\\"elements\\\": []}, {\\\"id\\\": 42, \\\"source\\\": {\\\"x\\\": 1280, \\\"y\\\": 1080, \\\"id\\\": 74}, \\\"dest\\\": {\\\"x\\\": 1280, \\\"y\\\": 1200, \\\"id\\\": 76}, \\\"outer\\\": false, \\\"elements\\\": []}, {\\\"id\\\": 43, \\\"source\\\": {\\\"x\\\": 1420, \\\"y\\\": 820, \\\"id\\\": 77}, \\\"dest\\\": {\\\"x\\\": 1420, \\\"y\\\": 860, \\\"id\\\": 79}, \\\"outer\\\": false, \\\"elements\\\": []}, {\\\"id\\\": 24, \\\"source\\\": {\\\"x\\\": 840, \\\"y\\\": 860, \\\"id\\\": 41}, \\\"dest\\\": {\\\"x\\\": 1140, \\\"y\\\": 860, \\\"id\\\": 43}, \\\"outer\\\": false, \\\"elements\\\": [{\\\"type\\\": \\\"door\\\", \\\"offset\\\": 201, \\\"pk\\\": 1, \\\"id\\\": 8}, {\\\"type\\\": \\\"vent\\\", \\\"offset\\\": 39.01281840626232, \\\"dx\\\": 0, \\\"dy\\\": 9, \\\"id\\\": 77}, {\\\"type\\\": \\\"vent\\\", \\\"offset\\\": 78.00640999302557, \\\"dx\\\": 0, \\\"dy\\\": 9, \\\"id\\\": 78}]}, {\\\"id\\\": 16, \\\"source\\\": {\\\"x\\\": 840, \\\"y\\\": 1000, \\\"id\\\": 26}, \\\"dest\\\": {\\\"x\\\": 1080, \\\"y\\\": 1000, \\\"id\\\": 28}, \\\"outer\\\": false, \\\"elements\\\": []}]\"", "layout": 1, "name": "First Floor"}}, {"pk": 4, "model": "layouts.floor", "fields": {"story": 0, "json": "\"[{\\\"id\\\": 1, \\\"source\\\": {\\\"x\\\": 540, \\\"y\\\": 860, \\\"id\\\": 1}, \\\"dest\\\": {\\\"x\\\": 1480, \\\"y\\\": 860, \\\"id\\\": 3}, \\\"outer\\\": true, \\\"elements\\\": [{\\\"type\\\": \\\"window\\\", \\\"offset\\\": 853.0005861662698, \\\"pk\\\": \\\"9\\\", \\\"id\\\": 6}]}, {\\\"id\\\": 2, \\\"source\\\": {\\\"x\\\": 1480, \\\"y\\\": 860, \\\"id\\\": 3}, \\\"dest\\\": {\\\"x\\\": 1480, \\\"y\\\": 1220, \\\"id\\\": 5}, \\\"outer\\\": true, \\\"elements\\\": [{\\\"type\\\": \\\"door\\\", \\\"offset\\\": 166, \\\"pk\\\": \\\"8\\\", \\\"id\\\": 8}, {\\\"type\\\": \\\"window\\\", \\\"offset\\\": 87.00574693662483, \\\"pk\\\": \\\"8\\\", \\\"id\\\": 7}, {\\\"type\\\": \\\"window\\\", \\\"offset\\\": 232.0021551624036, \\\"pk\\\": \\\"8\\\", \\\"id\\\": 8}, {\\\"type\\\": \\\"window\\\", \\\"offset\\\": 304.00164473239283, \\\"pk\\\": \\\"8\\\", \\\"id\\\": 9}]}, {\\\"id\\\": 3, \\\"source\\\": {\\\"x\\\": 1480, \\\"y\\\": 1220, \\\"id\\\": 5}, \\\"dest\\\": {\\\"x\\\": 1160, \\\"y\\\": 1220, \\\"id\\\": 7}, \\\"outer\\\": true, \\\"elements\\\": [{\\\"type\\\": \\\"window\\\", \\\"offset\\\": 260.0173071162764, \\\"pk\\\": \\\"9\\\", \\\"id\\\": 3}]}, {\\\"id\\\": 4, \\\"source\\\": {\\\"x\\\": 1160, \\\"y\\\": 1220, \\\"id\\\": 7}, \\\"dest\\\": {\\\"x\\\": 1160, \\\"y\\\": 1160, \\\"id\\\": 9}, \\\"outer\\\": true, \\\"elements\\\": []}, {\\\"id\\\": 5, \\\"source\\\": {\\\"x\\\": 1160, \\\"y\\\": 1160, \\\"id\\\": 9}, \\\"dest\\\": {\\\"x\\\": 860, \\\"y\\\": 1160, \\\"id\\\": 11}, \\\"outer\\\": true, \\\"elements\\\": [{\\\"type\\\": \\\"door\\\", \\\"offset\\\": 120, \\\"pk\\\": \\\"8\\\", \\\"id\\\": 5}, {\\\"type\\\": \\\"door\\\", \\\"offset\\\": 160.04999218994044, \\\"pk\\\": \\\"8\\\", \\\"id\\\": 7}]}, {\\\"id\\\": 6, \\\"source\\\": {\\\"x\\\": 860, \\\"y\\\": 1160, \\\"id\\\": 11}, \\\"dest\\\": {\\\"x\\\": 860, \\\"y\\\": 1220, \\\"id\\\": 13}, \\\"outer\\\": true, \\\"elements\\\": []}, {\\\"id\\\": 7, \\\"source\\\": {\\\"x\\\": 860, \\\"y\\\": 1220, \\\"id\\\": 13}, \\\"dest\\\": {\\\"x\\\": 540, \\\"y\\\": 1220, \\\"id\\\": 15}, \\\"outer\\\": true, \\\"elements\\\": [{\\\"type\\\": \\\"window\\\", \\\"offset\\\": 39.05124837953327, \\\"pk\\\": \\\"9\\\", \\\"id\\\": 2}]}, {\\\"id\\\": 8, \\\"source\\\": {\\\"x\\\": 540, \\\"y\\\": 1220, \\\"id\\\": 15}, \\\"dest\\\": {\\\"x\\\": 540, \\\"y\\\": 860, \\\"id\\\": 1}, \\\"outer\\\": true, \\\"elements\\\": [{\\\"type\\\": \\\"door\\\", \\\"offset\\\": 192, \\\"pk\\\": \\\"8\\\", \\\"id\\\": 10}, {\\\"type\\\": \\\"window\\\", \\\"offset\\\": 281, \\\"pk\\\": \\\"8\\\", \\\"id\\\": 10}, {\\\"type\\\": \\\"window\\\", \\\"offset\\\": 131.00381673829202, \\\"pk\\\": \\\"8\\\", \\\"id\\\": 11}, {\\\"type\\\": \\\"window\\\", \\\"offset\\\": 51.03920062069938, \\\"pk\\\": \\\"8\\\", \\\"id\\\": 12}]}, {\\\"id\\\": 9, \\\"source\\\": {\\\"x\\\": 860, \\\"y\\\": 1160, \\\"id\\\": 16}, \\\"dest\\\": {\\\"x\\\": 860, \\\"y\\\": 860, \\\"id\\\": 18}, \\\"outer\\\": false, \\\"elements\\\": [{\\\"type\\\": \\\"door\\\", \\\"offset\\\": 264.0018939326004, \\\"pk\\\": \\\"7\\\", \\\"id\\\": 12}, {\\\"type\\\": \\\"vent\\\", \\\"offset\\\": 19.026297590440446, \\\"dx\\\": 7.488452649040593, \\\"dy\\\": -4.9923017660270625, \\\"id\\\": 1}, {\\\"type\\\": \\\"vent\\\", \\\"offset\\\": 43.04648650006177, \\\"dx\\\": -8.049844718999243, \\\"dy\\\": -4.024922359499621, \\\"id\\\": 6}]}, {\\\"id\\\": 11, \\\"source\\\": {\\\"x\\\": 1160, \\\"y\\\": 860, \\\"id\\\": 20}, \\\"dest\\\": {\\\"x\\\": 1160, \\\"y\\\": 1160, \\\"id\\\": 22}, \\\"outer\\\": false, \\\"elements\\\": [{\\\"type\\\": \\\"door\\\", \\\"offset\\\": 41, \\\"pk\\\": \\\"7\\\", \\\"id\\\": 11}, {\\\"type\\\": \\\"vent\\\", \\\"offset\\\": 283.0017667789373, \\\"dx\\\": -6.363961030678928, \\\"dy\\\": -6.363961030678928, \\\"id\\\": 3}, {\\\"type\\\": \\\"vent\\\", \\\"offset\\\": 261.00766272276377, \\\"dx\\\": 8.049844718999243, \\\"dy\\\": -4.024922359499621, \\\"id\\\": 4}]}, {\\\"id\\\": 17, \\\"source\\\": {\\\"x\\\": 1160, \\\"y\\\": 980, \\\"id\\\": 31}, \\\"dest\\\": {\\\"x\\\": 1480, \\\"y\\\": 980, \\\"id\\\": 33}, \\\"outer\\\": false, \\\"elements\\\": [{\\\"type\\\": \\\"door\\\", \\\"offset\\\": 187.00267377767625, \\\"pk\\\": \\\"7\\\", \\\"id\\\": 15}, {\\\"type\\\": \\\"vent\\\", \\\"offset\\\": 246.00203251192866, \\\"dx\\\": 0, \\\"dy\\\": 9, \\\"id\\\": 10}, {\\\"type\\\": \\\"vent\\\", \\\"offset\\\": 228.00877176108818, \\\"dx\\\": -8.049844718999243, \\\"dy\\\": -4.024922359499621, \\\"id\\\": 11}]}, {\\\"id\\\": 19, \\\"source\\\": {\\\"x\\\": 1320, \\\"y\\\": 980, \\\"id\\\": 35}, \\\"dest\\\": {\\\"x\\\": 1320, \\\"y\\\": 1220, \\\"id\\\": 37}, \\\"outer\\\": false, \\\"elements\\\": [{\\\"type\\\": \\\"door\\\", \\\"offset\\\": 92.00543462209176, \\\"pk\\\": \\\"7\\\", \\\"id\\\": 14}]}, {\\\"id\\\": 21, \\\"source\\\": {\\\"x\\\": 860, \\\"y\\\": 980, \\\"id\\\": 39}, \\\"dest\\\": {\\\"x\\\": 540, \\\"y\\\": 980, \\\"id\\\": 41}, \\\"outer\\\": false, \\\"elements\\\": [{\\\"type\\\": \\\"door\\\", \\\"offset\\\": 283.0017667789373, \\\"pk\\\": \\\"7\\\", \\\"id\\\": 19}, {\\\"type\\\": \\\"door\\\", \\\"offset\\\": 28.0178514522438, \\\"pk\\\": \\\"7\\\", \\\"id\\\": 21}]}, {\\\"id\\\": 23, \\\"source\\\": {\\\"x\\\": 680, \\\"y\\\": 980, \\\"id\\\": 43}, \\\"dest\\\": {\\\"x\\\": 680, \\\"y\\\": 1220, \\\"id\\\": 45}, \\\"outer\\\": false, \\\"elements\\\": [{\\\"type\\\": \\\"door\\\", \\\"offset\\\": 31, \\\"pk\\\": \\\"7\\\", \\\"id\\\": 22}]}, {\\\"id\\\": 26, \\\"source\\\": {\\\"x\\\": 680, \\\"y\\\": 980, \\\"id\\\": 43}, \\\"dest\\\": {\\\"x\\\": 680, \\\"y\\\": 920, \\\"id\\\": 51}, \\\"outer\\\": false, \\\"elements\\\": [{\\\"type\\\": \\\"vent\\\", \\\"offset\\\": 29.017236257093817, \\\"dx\\\": 8.049844718999243, \\\"dy\\\": -4.024922359499621, \\\"id\\\": 7}, {\\\"type\\\": \\\"vent\\\", \\\"offset\\\": 41, \\\"dx\\\": -8.049844718999243, \\\"dy\\\": 4.024922359499621, \\\"id\\\": 8}]}, {\\\"id\\\": 29, \\\"source\\\": {\\\"x\\\": 1160, \\\"y\\\": 1040, \\\"id\\\": 55}, \\\"dest\\\": {\\\"x\\\": 1320, \\\"y\\\": 1040, \\\"id\\\": 57}, \\\"outer\\\": false, \\\"elements\\\": [{\\\"type\\\": \\\"door\\\", \\\"offset\\\": 35.014282800023196, \\\"pk\\\": \\\"7\\\", \\\"id\\\": 13}]}]\"", "layout": 3, "name": "First Floor"}}, {"pk": 3, "model": "layouts.floor", "fields": {"story": 0, "json": "\"[{\\\"id\\\": 1, \\\"source\\\": {\\\"x\\\": 700, \\\"y\\\": 800, \\\"id\\\": 1}, \\\"dest\\\": {\\\"x\\\": 700, \\\"y\\\": 1040, \\\"id\\\": 3}, \\\"outer\\\": true, \\\"elements\\\": [{\\\"type\\\": \\\"window\\\", \\\"offset\\\": 129, \\\"pk\\\": \\\"5\\\", \\\"id\\\": 10}, {\\\"type\\\": \\\"vent\\\", \\\"offset\\\": 224.0022321317357, \\\"dx\\\": 9, \\\"dy\\\": 0, \\\"id\\\": 2}, {\\\"type\\\": \\\"vent\\\", \\\"offset\\\": 176.02556632489498, \\\"dx\\\": 9, \\\"dy\\\": 0, \\\"id\\\": 3}, {\\\"type\\\": \\\"window\\\", \\\"offset\\\": 198, \\\"pk\\\": \\\"4\\\", \\\"id\\\": 33}, {\\\"type\\\": \\\"window\\\", \\\"offset\\\": 40.01249804748511, \\\"pk\\\": \\\"4\\\", \\\"id\\\": 38}]}, {\\\"id\\\": 3, \\\"source\\\": {\\\"x\\\": 700, \\\"y\\\": 1040, \\\"id\\\": 3}, \\\"dest\\\": {\\\"x\\\": 780, \\\"y\\\": 1040, \\\"id\\\": 6}, \\\"outer\\\": true, \\\"elements\\\": [{\\\"type\\\": \\\"window\\\", \\\"offset\\\": 38.05259518088089, \\\"pk\\\": \\\"5\\\", \\\"id\\\": 8}]}, {\\\"id\\\": 4, \\\"source\\\": {\\\"x\\\": 780, \\\"y\\\": 1040, \\\"id\\\": 6}, \\\"dest\\\": {\\\"x\\\": 780, \\\"y\\\": 1140, \\\"id\\\": 8}, \\\"outer\\\": true, \\\"elements\\\": [{\\\"type\\\": \\\"door\\\", \\\"offset\\\": 51.03920062069938, \\\"pk\\\": \\\"5\\\", \\\"id\\\": 6}]}, {\\\"id\\\": 5, \\\"source\\\": {\\\"x\\\": 780, \\\"y\\\": 1140, \\\"id\\\": 8}, \\\"dest\\\": {\\\"x\\\": 700, \\\"y\\\": 1140, \\\"id\\\": 10}, \\\"outer\\\": true, \\\"elements\\\": []}, {\\\"id\\\": 6, \\\"source\\\": {\\\"x\\\": 700, \\\"y\\\": 1140, \\\"id\\\": 10}, \\\"dest\\\": {\\\"x\\\": 700, \\\"y\\\": 1380, \\\"id\\\": 12}, \\\"outer\\\": true, \\\"elements\\\": [{\\\"type\\\": \\\"window\\\", \\\"offset\\\": 187.00267377767625, \\\"pk\\\": \\\"6\\\", \\\"id\\\": 4}]}, {\\\"id\\\": 7, \\\"source\\\": {\\\"x\\\": 700, \\\"y\\\": 1380, \\\"id\\\": 12}, \\\"dest\\\": {\\\"x\\\": 940, \\\"y\\\": 1380, \\\"id\\\": 14}, \\\"outer\\\": true, \\\"elements\\\": [{\\\"type\\\": \\\"window\\\", \\\"offset\\\": 83, \\\"pk\\\": \\\"6\\\", \\\"id\\\": 3}]}, {\\\"id\\\": 8, \\\"source\\\": {\\\"x\\\": 940, \\\"y\\\": 1380, \\\"id\\\": 14}, \\\"dest\\\": {\\\"x\\\": 940, \\\"y\\\": 1300, \\\"id\\\": 16}, \\\"outer\\\": true, \\\"elements\\\": []}, {\\\"id\\\": 10, \\\"source\\\": {\\\"x\\\": 940, \\\"y\\\": 1300, \\\"id\\\": 16}, \\\"dest\\\": {\\\"x\\\": 1060, \\\"y\\\": 1300, \\\"id\\\": 19}, \\\"outer\\\": true, \\\"elements\\\": [{\\\"type\\\": \\\"window\\\", \\\"offset\\\": 106.01886624558857, \\\"pk\\\": \\\"4\\\", \\\"id\\\": 35}, {\\\"type\\\": \\\"window\\\", \\\"offset\\\": 12.165525060596439, \\\"pk\\\": \\\"4\\\", \\\"id\\\": 36}, {\\\"type\\\": \\\"door\\\", \\\"offset\\\": 59, \\\"pk\\\": \\\"5\\\", \\\"id\\\": 40}]}, {\\\"id\\\": 11, \\\"source\\\": {\\\"x\\\": 1060, \\\"y\\\": 1300, \\\"id\\\": 19}, \\\"dest\\\": {\\\"x\\\": 1060, \\\"y\\\": 1380, \\\"id\\\": 21}, \\\"outer\\\": true, \\\"elements\\\": []}, {\\\"id\\\": 12, \\\"source\\\": {\\\"x\\\": 1060, \\\"y\\\": 1380, \\\"id\\\": 21}, \\\"dest\\\": {\\\"x\\\": 1300, \\\"y\\\": 1380, \\\"id\\\": 23}, \\\"outer\\\": true, \\\"elements\\\": [{\\\"type\\\": \\\"window\\\", \\\"offset\\\": 51.0098029794274, \\\"pk\\\": \\\"6\\\", \\\"id\\\": 1}]}, {\\\"id\\\": 14, \\\"source\\\": {\\\"x\\\": 1300, \\\"y\\\": 1380, \\\"id\\\": 23}, \\\"dest\\\": {\\\"x\\\": 1300, \\\"y\\\": 1140, \\\"id\\\": 26}, \\\"outer\\\": true, \\\"elements\\\": [{\\\"type\\\": \\\"window\\\", \\\"offset\\\": 58.137767414994535, \\\"pk\\\": \\\"6\\\", \\\"id\\\": 2}]}, {\\\"id\\\": 15, \\\"source\\\": {\\\"x\\\": 1300, \\\"y\\\": 1140, \\\"id\\\": 26}, \\\"dest\\\": {\\\"x\\\": 1220, \\\"y\\\": 1140, \\\"id\\\": 28}, \\\"outer\\\": true, \\\"elements\\\": []}, {\\\"id\\\": 16, \\\"source\\\": {\\\"x\\\": 1220, \\\"y\\\": 1140, \\\"id\\\": 28}, \\\"dest\\\": {\\\"x\\\": 1220, \\\"y\\\": 1040, \\\"id\\\": 30}, \\\"outer\\\": true, \\\"elements\\\": [{\\\"type\\\": \\\"door\\\", \\\"offset\\\": 48, \\\"pk\\\": \\\"5\\\", \\\"id\\\": 8}]}, {\\\"id\\\": 17, \\\"source\\\": {\\\"x\\\": 1220, \\\"y\\\": 1040, \\\"id\\\": 30}, \\\"dest\\\": {\\\"x\\\": 1300, \\\"y\\\": 1040, \\\"id\\\": 32}, \\\"outer\\\": true, \\\"elements\\\": [{\\\"type\\\": \\\"window\\\", \\\"offset\\\": 43.01162633521314, \\\"pk\\\": \\\"5\\\", \\\"id\\\": 5}]}, {\\\"id\\\": 18, \\\"source\\\": {\\\"x\\\": 1300, \\\"y\\\": 1040, \\\"id\\\": 32}, \\\"dest\\\": {\\\"x\\\": 1300, \\\"y\\\": 800, \\\"id\\\": 34}, \\\"outer\\\": true, \\\"elements\\\": [{\\\"type\\\": \\\"window\\\", \\\"offset\\\": 108.00462953040486, \\\"pk\\\": \\\"5\\\", \\\"id\\\": 7}, {\\\"type\\\": \\\"vent\\\", \\\"offset\\\": 18.110770276274835, \\\"dx\\\": -9, \\\"dy\\\": 0, \\\"id\\\": 1}, {\\\"type\\\": \\\"vent\\\", \\\"offset\\\": 67, \\\"dx\\\": -9, \\\"dy\\\": 0, \\\"id\\\": 4}, {\\\"type\\\": \\\"window\\\", \\\"offset\\\": 44.01136216933077, \\\"pk\\\": \\\"4\\\", \\\"id\\\": 34}, {\\\"type\\\": \\\"window\\\", \\\"offset\\\": 201.0024875467963, \\\"pk\\\": \\\"4\\\", \\\"id\\\": 37}]}, {\\\"id\\\": 19, \\\"source\\\": {\\\"x\\\": 1300, \\\"y\\\": 800, \\\"id\\\": 34}, \\\"dest\\\": {\\\"x\\\": 1060, \\\"y\\\": 800, \\\"id\\\": 36}, \\\"outer\\\": true, \\\"elements\\\": [{\\\"type\\\": \\\"window\\\", \\\"offset\\\": 206.0024271701671, \\\"pk\\\": \\\"5\\\", \\\"id\\\": 17}, {\\\"type\\\": \\\"window\\\", \\\"offset\\\": 122.00409829181969, \\\"pk\\\": \\\"5\\\", \\\"id\\\": 18}, {\\\"type\\\": \\\"window\\\", \\\"offset\\\": 40, \\\"pk\\\": \\\"5\\\", \\\"id\\\": 19}]}, {\\\"id\\\": 20, \\\"source\\\": {\\\"x\\\": 1060, \\\"y\\\": 800, \\\"id\\\": 36}, \\\"dest\\\": {\\\"x\\\": 1060, \\\"y\\\": 880, \\\"id\\\": 38}, \\\"outer\\\": true, \\\"elements\\\": []}, {\\\"id\\\": 22, \\\"source\\\": {\\\"x\\\": 1060, \\\"y\\\": 880, \\\"id\\\": 38}, \\\"dest\\\": {\\\"x\\\": 940, \\\"y\\\": 880, \\\"id\\\": 41}, \\\"outer\\\": true, \\\"elements\\\": [{\\\"type\\\": \\\"door\\\", \\\"offset\\\": 61.00819617067857, \\\"pk\\\": \\\"5\\\", \\\"id\\\": 9}]}, {\\\"id\\\": 23, \\\"source\\\": {\\\"x\\\": 940, \\\"y\\\": 880, \\\"id\\\": 41}, \\\"dest\\\": {\\\"x\\\": 940, \\\"y\\\": 800, \\\"id\\\": 43}, \\\"outer\\\": true, \\\"elements\\\": []}, {\\\"id\\\": 24, \\\"source\\\": {\\\"x\\\": 940, \\\"y\\\": 800, \\\"id\\\": 43}, \\\"dest\\\": {\\\"x\\\": 700, \\\"y\\\": 800, \\\"id\\\": 1}, \\\"outer\\\": true, \\\"elements\\\": [{\\\"type\\\": \\\"window\\\", \\\"offset\\\": 47.01063709417264, \\\"pk\\\": \\\"5\\\", \\\"id\\\": 11}, {\\\"type\\\": \\\"window\\\", \\\"offset\\\": 199.00251254695254, \\\"pk\\\": \\\"5\\\", \\\"id\\\": 15}, {\\\"type\\\": \\\"window\\\", \\\"offset\\\": 121, \\\"pk\\\": \\\"5\\\", \\\"id\\\": 16}]}, {\\\"id\\\": 31, \\\"source\\\": {\\\"x\\\": 940, \\\"y\\\": 1300, \\\"id\\\": 56}, \\\"dest\\\": {\\\"x\\\": 860, \\\"y\\\": 1300, \\\"id\\\": 58}, \\\"outer\\\": false, \\\"elements\\\": []}, {\\\"id\\\": 32, \\\"source\\\": {\\\"x\\\": 860, \\\"y\\\": 1300, \\\"id\\\": 58}, \\\"dest\\\": {\\\"x\\\": 860, \\\"y\\\": 1120, \\\"id\\\": 60}, \\\"outer\\\": false, \\\"elements\\\": [{\\\"type\\\": \\\"door\\\", \\\"offset\\\": 27.018512172212592, \\\"pk\\\": \\\"4\\\", \\\"id\\\": 13}]}, {\\\"id\\\": 33, \\\"source\\\": {\\\"x\\\": 860, \\\"y\\\": 1120, \\\"id\\\": 60}, \\\"dest\\\": {\\\"x\\\": 780, \\\"y\\\": 1120, \\\"id\\\": 62}, \\\"outer\\\": false, \\\"elements\\\": [{\\\"type\\\": \\\"door\\\", \\\"offset\\\": 42.01190307520001, \\\"pk\\\": \\\"4\\\", \\\"id\\\": 10}, {\\\"type\\\": \\\"vent\\\", \\\"offset\\\": 17.029386365926403, \\\"dx\\\": 0, \\\"dy\\\": 9, \\\"id\\\": 5}, {\\\"type\\\": \\\"vent\\\", \\\"offset\\\": 70.00714249274856, \\\"dx\\\": 0, \\\"dy\\\": 9, \\\"id\\\": 6}]}, {\\\"id\\\": 35, \\\"source\\\": {\\\"x\\\": 1060, \\\"y\\\": 1300, \\\"id\\\": 64}, \\\"dest\\\": {\\\"x\\\": 1140, \\\"y\\\": 1300, \\\"id\\\": 66}, \\\"outer\\\": false, \\\"elements\\\": []}, {\\\"id\\\": 36, \\\"source\\\": {\\\"x\\\": 1140, \\\"y\\\": 1300, \\\"id\\\": 66}, \\\"dest\\\": {\\\"x\\\": 1140, \\\"y\\\": 1120, \\\"id\\\": 68}, \\\"outer\\\": false, \\\"elements\\\": [{\\\"type\\\": \\\"door\\\", \\\"offset\\\": 25.019992006393608, \\\"pk\\\": \\\"4\\\", \\\"id\\\": 15}]}, {\\\"id\\\": 37, \\\"source\\\": {\\\"x\\\": 1140, \\\"y\\\": 1120, \\\"id\\\": 68}, \\\"dest\\\": {\\\"x\\\": 1220, \\\"y\\\": 1120, \\\"id\\\": 70}, \\\"outer\\\": false, \\\"elements\\\": [{\\\"type\\\": \\\"vent\\\", \\\"offset\\\": 14.142135623730951, \\\"dx\\\": 0, \\\"dy\\\": 9, \\\"id\\\": 7}, {\\\"type\\\": \\\"door\\\", \\\"offset\\\": 42.01190307520001, \\\"pk\\\": \\\"4\\\", \\\"id\\\": 33}, {\\\"type\\\": \\\"vent\\\", \\\"offset\\\": 64.00781202322104, \\\"dx\\\": 0, \\\"dy\\\": 9, \\\"id\\\": 9}]}, {\\\"id\\\": 39, \\\"source\\\": {\\\"x\\\": 780, \\\"y\\\": 1060, \\\"id\\\": 72}, \\\"dest\\\": {\\\"x\\\": 960, \\\"y\\\": 1060, \\\"id\\\": 74}, \\\"outer\\\": false, \\\"elements\\\": []}, {\\\"id\\\": 40, \\\"source\\\": {\\\"x\\\": 960, \\\"y\\\": 1060, \\\"id\\\": 74}, \\\"dest\\\": {\\\"x\\\": 960, \\\"y\\\": 1020, \\\"id\\\": 76}, \\\"outer\\\": false, \\\"elements\\\": []}, {\\\"id\\\": 42, \\\"source\\\": {\\\"x\\\": 1220, \\\"y\\\": 1060, \\\"id\\\": 78}, \\\"dest\\\": {\\\"x\\\": 1040, \\\"y\\\": 1060, \\\"id\\\": 80}, \\\"outer\\\": false, \\\"elements\\\": []}, {\\\"id\\\": 43, \\\"source\\\": {\\\"x\\\": 1040, \\\"y\\\": 1060, \\\"id\\\": 80}, \\\"dest\\\": {\\\"x\\\": 1040, \\\"y\\\": 1020, \\\"id\\\": 82}, \\\"outer\\\": false, \\\"elements\\\": []}, {\\\"id\\\": 44, \\\"source\\\": {\\\"x\\\": 960, \\\"y\\\": 1020, \\\"id\\\": 76}, \\\"dest\\\": {\\\"x\\\": 1040, \\\"y\\\": 1020, \\\"id\\\": 82}, \\\"outer\\\": false, \\\"elements\\\": [{\\\"type\\\": \\\"door\\\", \\\"offset\\\": 40, \\\"pk\\\": \\\"4\\\", \\\"id\\\": 18}]}, {\\\"id\\\": 45, \\\"source\\\": {\\\"x\\\": 1040, \\\"y\\\": 1020, \\\"id\\\": 82}, \\\"dest\\\": {\\\"x\\\": 1040, \\\"y\\\": 880, \\\"id\\\": 85}, \\\"outer\\\": false, \\\"elements\\\": [{\\\"type\\\": \\\"door\\\", \\\"offset\\\": 30, \\\"pk\\\": \\\"4\\\", \\\"id\\\": 34}]}, {\\\"id\\\": 47, \\\"source\\\": {\\\"x\\\": 960, \\\"y\\\": 1020, \\\"id\\\": 76}, \\\"dest\\\": {\\\"x\\\": 960, \\\"y\\\": 880, \\\"id\\\": 88}, \\\"outer\\\": false, \\\"elements\\\": [{\\\"type\\\": \\\"door\\\", \\\"offset\\\": 31, \\\"pk\\\": \\\"4\\\", \\\"id\\\": 37}]}, {\\\"id\\\": 49, \\\"source\\\": {\\\"x\\\": 1060, \\\"y\\\": 880, \\\"id\\\": 90}, \\\"dest\\\": {\\\"x\\\": 1140, \\\"y\\\": 880, \\\"id\\\": 92}, \\\"outer\\\": false, \\\"elements\\\": []}, {\\\"id\\\": 50, \\\"source\\\": {\\\"x\\\": 1140, \\\"y\\\": 880, \\\"id\\\": 92}, \\\"dest\\\": {\\\"x\\\": 1140, \\\"y\\\": 1060, \\\"id\\\": 94}, \\\"outer\\\": false, \\\"elements\\\": [{\\\"type\\\": \\\"door\\\", \\\"offset\\\": 120.00416659433121, \\\"pk\\\": \\\"4\\\", \\\"id\\\": 28}]}, {\\\"id\\\": 52, \\\"source\\\": {\\\"x\\\": 1140, \\\"y\\\": 880, \\\"id\\\": 92}, \\\"dest\\\": {\\\"x\\\": 1220, \\\"y\\\": 880, \\\"id\\\": 97}, \\\"outer\\\": false, \\\"elements\\\": []}, {\\\"id\\\": 53, \\\"source\\\": {\\\"x\\\": 1220, \\\"y\\\": 880, \\\"id\\\": 97}, \\\"dest\\\": {\\\"x\\\": 1220, \\\"y\\\": 1040, \\\"id\\\": 99}, \\\"outer\\\": false, \\\"elements\\\": [{\\\"type\\\": \\\"door\\\", \\\"offset\\\": 117.00427342623003, \\\"pk\\\": \\\"4\\\", \\\"id\\\": 29}]}, {\\\"id\\\": 54, \\\"source\\\": {\\\"x\\\": 1220, \\\"y\\\": 880, \\\"id\\\": 97}, \\\"dest\\\": {\\\"x\\\": 1300, \\\"y\\\": 880, \\\"id\\\": 101}, \\\"outer\\\": false, \\\"elements\\\": [{\\\"type\\\": \\\"door\\\", \\\"offset\\\": 43.01162633521314, \\\"pk\\\": \\\"4\\\", \\\"id\\\": 30}]}, {\\\"id\\\": 56, \\\"source\\\": {\\\"x\\\": 940, \\\"y\\\": 880, \\\"id\\\": 103}, \\\"dest\\\": {\\\"x\\\": 860, \\\"y\\\": 880, \\\"id\\\": 105}, \\\"outer\\\": false, \\\"elements\\\": []}, {\\\"id\\\": 57, \\\"source\\\": {\\\"x\\\": 860, \\\"y\\\": 880, \\\"id\\\": 105}, \\\"dest\\\": {\\\"x\\\": 860, \\\"y\\\": 1060, \\\"id\\\": 107}, \\\"outer\\\": false, \\\"elements\\\": [{\\\"type\\\": \\\"door\\\", \\\"offset\\\": 123.00406497347964, \\\"pk\\\": \\\"4\\\", \\\"id\\\": 24}]}, {\\\"id\\\": 59, \\\"source\\\": {\\\"x\\\": 860, \\\"y\\\": 880, \\\"id\\\": 105}, \\\"dest\\\": {\\\"x\\\": 780, \\\"y\\\": 880, \\\"id\\\": 110}, \\\"outer\\\": false, \\\"elements\\\": []}, {\\\"id\\\": 62, \\\"source\\\": {\\\"x\\\": 780, \\\"y\\\": 880, \\\"id\\\": 110}, \\\"dest\\\": {\\\"x\\\": 780, \\\"y\\\": 1040, \\\"id\\\": 115}, \\\"outer\\\": false, \\\"elements\\\": [{\\\"type\\\": \\\"door\\\", \\\"offset\\\": 122, \\\"pk\\\": \\\"4\\\", \\\"id\\\": 23}]}, {\\\"id\\\": 63, \\\"source\\\": {\\\"x\\\": 780, \\\"y\\\": 880, \\\"id\\\": 110}, \\\"dest\\\": {\\\"x\\\": 700, \\\"y\\\": 880, \\\"id\\\": 117}, \\\"outer\\\": false, \\\"elements\\\": [{\\\"type\\\": \\\"door\\\", \\\"offset\\\": 43.01162633521314, \\\"pk\\\": \\\"4\\\", \\\"id\\\": 31}]}, {\\\"id\\\": 65, \\\"source\\\": {\\\"x\\\": 780, \\\"y\\\": 1140, \\\"id\\\": 119}, \\\"dest\\\": {\\\"x\\\": 780, \\\"y\\\": 1300, \\\"id\\\": 121}, \\\"outer\\\": false, \\\"elements\\\": [{\\\"type\\\": \\\"door\\\", \\\"offset\\\": 135, \\\"pk\\\": \\\"4\\\", \\\"id\\\": 14}]}, {\\\"id\\\": 66, \\\"source\\\": {\\\"x\\\": 780, \\\"y\\\": 1300, \\\"id\\\": 121}, \\\"dest\\\": {\\\"x\\\": 860, \\\"y\\\": 1300, \\\"id\\\": 58}, \\\"outer\\\": false, \\\"elements\\\": []}, {\\\"id\\\": 67, \\\"source\\\": {\\\"x\\\": 1140, \\\"y\\\": 1300, \\\"id\\\": 66}, \\\"dest\\\": {\\\"x\\\": 1220, \\\"y\\\": 1300, \\\"id\\\": 124}, \\\"outer\\\": false, \\\"elements\\\": []}, {\\\"id\\\": 68, \\\"source\\\": {\\\"x\\\": 1220, \\\"y\\\": 1300, \\\"id\\\": 124}, \\\"dest\\\": {\\\"x\\\": 1220, \\\"y\\\": 1140, \\\"id\\\": 126}, \\\"outer\\\": false, \\\"elements\\\": [{\\\"type\\\": \\\"door\\\", \\\"offset\\\": 27, \\\"pk\\\": \\\"4\\\", \\\"id\\\": 16}]}]\"", "layout": 2, "name": "First Floor"}}, {"pk": 19, "model": "layouts.floor", "fields": {"story": 1, "json": "\"[{\\\"id\\\": 1, \\\"source\\\": {\\\"x\\\": 540, \\\"y\\\": 820, \\\"id\\\": 1}, \\\"dest\\\": {\\\"x\\\": 540, \\\"y\\\": 1200, \\\"id\\\": 3}, \\\"outer\\\": true, \\\"elements\\\": [{\\\"type\\\": \\\"window\\\", \\\"offset\\\": 341, \\\"pk\\\": \\\"1\\\", \\\"id\\\": 12}, {\\\"type\\\": \\\"window\\\", \\\"offset\\\": 248.0020161208372, \\\"pk\\\": \\\"1\\\", \\\"id\\\": 13}, {\\\"type\\\": \\\"window\\\", \\\"offset\\\": 97.0051545022222, \\\"pk\\\": \\\"1\\\", \\\"id\\\": 14}, {\\\"type\\\": \\\"window\\\", \\\"offset\\\": 31.064449134018133, \\\"pk\\\": \\\"1\\\", \\\"id\\\": 15}]}, {\\\"id\\\": 2, \\\"source\\\": {\\\"x\\\": 540, \\\"y\\\": 1200, \\\"id\\\": 3}, \\\"dest\\\": {\\\"x\\\": 840, \\\"y\\\": 1200, \\\"id\\\": 5}, \\\"outer\\\": true, \\\"elements\\\": [{\\\"type\\\": \\\"window\\\", \\\"offset\\\": 239.0083680543424, \\\"pk\\\": \\\"2\\\", \\\"id\\\": 7}, {\\\"type\\\": \\\"window\\\", \\\"offset\\\": 143.0034964607509, \\\"pk\\\": \\\"2\\\", \\\"id\\\": 8}, {\\\"type\\\": \\\"window\\\", \\\"offset\\\": 62, \\\"pk\\\": \\\"2\\\", \\\"id\\\": 9}]}, {\\\"id\\\": 3, \\\"source\\\": {\\\"x\\\": 840, \\\"y\\\": 1200, \\\"id\\\": 5}, \\\"dest\\\": {\\\"x\\\": 840, \\\"y\\\": 1080, \\\"id\\\": 7}, \\\"outer\\\": true, \\\"elements\\\": []}, {\\\"id\\\": 4, \\\"source\\\": {\\\"x\\\": 840, \\\"y\\\": 1080, \\\"id\\\": 7}, \\\"dest\\\": {\\\"x\\\": 1140, \\\"y\\\": 1080, \\\"id\\\": 9}, \\\"outer\\\": true, \\\"elements\\\": [{\\\"type\\\": \\\"window\\\", \\\"offset\\\": 87.09190547921202, \\\"pk\\\": \\\"1\\\", \\\"id\\\": 18}, {\\\"type\\\": \\\"window\\\", \\\"offset\\\": 165.01212076693034, \\\"pk\\\": \\\"1\\\", \\\"id\\\": 19}]}, {\\\"id\\\": 6, \\\"source\\\": {\\\"x\\\": 1140, \\\"y\\\": 1080, \\\"id\\\": 9}, \\\"dest\\\": {\\\"x\\\": 1140, \\\"y\\\": 1200, \\\"id\\\": 12}, \\\"outer\\\": true, \\\"elements\\\": []}, {\\\"id\\\": 7, \\\"source\\\": {\\\"x\\\": 1140, \\\"y\\\": 1200, \\\"id\\\": 12}, \\\"dest\\\": {\\\"x\\\": 1460, \\\"y\\\": 1200, \\\"id\\\": 14}, \\\"outer\\\": true, \\\"elements\\\": [{\\\"type\\\": \\\"window\\\", \\\"offset\\\": 207.02173798903343, \\\"pk\\\": \\\"3\\\", \\\"id\\\": 1}]}, {\\\"id\\\": 8, \\\"source\\\": {\\\"x\\\": 1460, \\\"y\\\": 1200, \\\"id\\\": 14}, \\\"dest\\\": {\\\"x\\\": 1460, \\\"y\\\": 820, \\\"id\\\": 16}, \\\"outer\\\": true, \\\"elements\\\": [{\\\"type\\\": \\\"door\\\", \\\"offset\\\": 270, \\\"pk\\\": \\\"2\\\", \\\"id\\\": 8}]}, {\\\"id\\\": 11, \\\"source\\\": {\\\"x\\\": 1460, \\\"y\\\": 820, \\\"id\\\": 16}, \\\"dest\\\": {\\\"x\\\": 540, \\\"y\\\": 820, \\\"id\\\": 1}, \\\"outer\\\": true, \\\"elements\\\": [{\\\"type\\\": \\\"window\\\", \\\"offset\\\": 33.06055050963308, \\\"pk\\\": \\\"2\\\", \\\"id\\\": 4}, {\\\"type\\\": \\\"window\\\", \\\"offset\\\": 95.00526301210897, \\\"pk\\\": \\\"2\\\", \\\"id\\\": 5}, {\\\"type\\\": \\\"window\\\", \\\"offset\\\": 162.01234520862909, \\\"pk\\\": \\\"2\\\", \\\"id\\\": 6}, {\\\"type\\\": \\\"window\\\", \\\"offset\\\": 875.0005714283849, \\\"pk\\\": \\\"2\\\", \\\"id\\\": 10}, {\\\"type\\\": \\\"window\\\", \\\"offset\\\": 798.0056390778201, \\\"pk\\\": \\\"2\\\", \\\"id\\\": 11}, {\\\"type\\\": \\\"window\\\", \\\"offset\\\": 584, \\\"pk\\\": \\\"1\\\", \\\"id\\\": 16}, {\\\"type\\\": \\\"window\\\", \\\"offset\\\": 482.00103734328206, \\\"pk\\\": \\\"1\\\", \\\"id\\\": 17}, {\\\"type\\\": \\\"window\\\", \\\"offset\\\": 413.0012106519786, \\\"pk\\\": \\\"1\\\", \\\"id\\\": 20}, {\\\"type\\\": \\\"window\\\", \\\"offset\\\": 675.0029629564599, \\\"pk\\\": \\\"1\\\", \\\"id\\\": 21}, {\\\"type\\\": \\\"window\\\", \\\"offset\\\": 271.02951868754076, \\\"pk\\\": \\\"1\\\", \\\"id\\\": 22}]}, {\\\"id\\\": 12, \\\"source\\\": {\\\"x\\\": 1460, \\\"y\\\": 820, \\\"id\\\": 16}, \\\"dest\\\": {\\\"x\\\": 1460, \\\"y\\\": 980, \\\"id\\\": 18}, \\\"outer\\\": true, \\\"elements\\\": []}, {\\\"id\\\": 13, \\\"source\\\": {\\\"x\\\": 1460, \\\"y\\\": 980, \\\"id\\\": 18}, \\\"dest\\\": {\\\"x\\\": 1460, \\\"y\\\": 1200, \\\"id\\\": 14}, \\\"outer\\\": true, \\\"elements\\\": [{\\\"type\\\": \\\"window\\\", \\\"offset\\\": 184.0108692441835, \\\"pk\\\": \\\"2\\\", \\\"id\\\": 2}, {\\\"type\\\": \\\"window\\\", \\\"offset\\\": 47, \\\"pk\\\": \\\"2\\\", \\\"id\\\": 3}]}, {\\\"id\\\": 15, \\\"source\\\": {\\\"x\\\": 900, \\\"y\\\": 980, \\\"id\\\": 23}, \\\"dest\\\": {\\\"x\\\": 900, \\\"y\\\": 1080, \\\"id\\\": 25}, \\\"outer\\\": false, \\\"elements\\\": []}, {\\\"id\\\": 17, \\\"source\\\": {\\\"x\\\": 900, \\\"y\\\": 980, \\\"id\\\": 23}, \\\"dest\\\": {\\\"x\\\": 1060, \\\"y\\\": 980, \\\"id\\\": 28}, \\\"outer\\\": false, \\\"elements\\\": [{\\\"type\\\": \\\"door\\\", \\\"offset\\\": 44.01136216933077, \\\"pk\\\": 1, \\\"id\\\": 4}]}, {\\\"id\\\": 18, \\\"source\\\": {\\\"x\\\": 1060, \\\"y\\\": 980, \\\"id\\\": 28}, \\\"dest\\\": {\\\"x\\\": 1060, \\\"y\\\": 1080, \\\"id\\\": 30}, \\\"outer\\\": false, \\\"elements\\\": []}, {\\\"id\\\": 21, \\\"source\\\": {\\\"x\\\": 840, \\\"y\\\": 940, \\\"id\\\": 34}, \\\"dest\\\": {\\\"x\\\": 1020, \\\"y\\\": 940, \\\"id\\\": 36}, \\\"outer\\\": false, \\\"elements\\\": [{\\\"type\\\": \\\"door\\\", \\\"offset\\\": 39, \\\"pk\\\": 1, \\\"id\\\": 3}]}, {\\\"id\\\": 22, \\\"source\\\": {\\\"x\\\": 1020, \\\"y\\\": 940, \\\"id\\\": 36}, \\\"dest\\\": {\\\"x\\\": 1020, \\\"y\\\": 820, \\\"id\\\": 38}, \\\"outer\\\": false, \\\"elements\\\": []}, {\\\"id\\\": 24, \\\"source\\\": {\\\"x\\\": 1020, \\\"y\\\": 940, \\\"id\\\": 36}, \\\"dest\\\": {\\\"x\\\": 1080, \\\"y\\\": 940, \\\"id\\\": 41}, \\\"outer\\\": false, \\\"elements\\\": [{\\\"type\\\": \\\"door\\\", \\\"offset\\\": 29.017236257093817, \\\"pk\\\": 1, \\\"id\\\": 5}]}, {\\\"id\\\": 25, \\\"source\\\": {\\\"x\\\": 1080, \\\"y\\\": 940, \\\"id\\\": 41}, \\\"dest\\\": {\\\"x\\\": 1080, \\\"y\\\": 820, \\\"id\\\": 43}, \\\"outer\\\": false, \\\"elements\\\": [{\\\"type\\\": \\\"door\\\", \\\"offset\\\": 89.00561780022652, \\\"pk\\\": \\\"1\\\", \\\"id\\\": 12}]}, {\\\"id\\\": 27, \\\"source\\\": {\\\"x\\\": 1080, \\\"y\\\": 880, \\\"id\\\": 45}, \\\"dest\\\": {\\\"x\\\": 1140, \\\"y\\\": 880, \\\"id\\\": 47}, \\\"outer\\\": false, \\\"elements\\\": []}, {\\\"id\\\": 30, \\\"source\\\": {\\\"x\\\": 1080, \\\"y\\\": 940, \\\"id\\\": 41}, \\\"dest\\\": {\\\"x\\\": 1140, \\\"y\\\": 940, \\\"id\\\": 52}, \\\"outer\\\": false, \\\"elements\\\": [{\\\"type\\\": \\\"door\\\", \\\"offset\\\": 29, \\\"pk\\\": \\\"1\\\", \\\"id\\\": 14}]}, {\\\"id\\\": 31, \\\"source\\\": {\\\"x\\\": 1140, \\\"y\\\": 940, \\\"id\\\": 52}, \\\"dest\\\": {\\\"x\\\": 1140, \\\"y\\\": 820, \\\"id\\\": 54}, \\\"outer\\\": false, \\\"elements\\\": []}, {\\\"id\\\": 33, \\\"source\\\": {\\\"x\\\": 1280, \\\"y\\\": 980, \\\"id\\\": 56}, \\\"dest\\\": {\\\"x\\\": 1460, \\\"y\\\": 980, \\\"id\\\": 58}, \\\"outer\\\": false, \\\"elements\\\": []}, {\\\"id\\\": 38, \\\"source\\\": {\\\"x\\\": 1240, \\\"y\\\": 820, \\\"id\\\": 66}, \\\"dest\\\": {\\\"x\\\": 1240, \\\"y\\\": 920, \\\"id\\\": 68}, \\\"outer\\\": false, \\\"elements\\\": []}, {\\\"id\\\": 41, \\\"source\\\": {\\\"x\\\": 720, \\\"y\\\": 900, \\\"id\\\": 72}, \\\"dest\\\": {\\\"x\\\": 840, \\\"y\\\": 900, \\\"id\\\": 74}, \\\"outer\\\": false, \\\"elements\\\": []}, {\\\"id\\\": 43, \\\"source\\\": {\\\"x\\\": 720, \\\"y\\\": 900, \\\"id\\\": 72}, \\\"dest\\\": {\\\"x\\\": 720, \\\"y\\\": 820, \\\"id\\\": 77}, \\\"outer\\\": false, \\\"elements\\\": [{\\\"type\\\": \\\"door\\\", \\\"offset\\\": 39.01281840626232, \\\"pk\\\": 1, \\\"id\\\": 1}]}, {\\\"id\\\": 48, \\\"source\\\": {\\\"x\\\": 840, \\\"y\\\": 820, \\\"id\\\": 87}, \\\"dest\\\": {\\\"x\\\": 840, \\\"y\\\": 1080, \\\"id\\\": 89}, \\\"outer\\\": false, \\\"elements\\\": [{\\\"type\\\": \\\"door\\\", \\\"offset\\\": 219.00228309312212, \\\"pk\\\": \\\"1\\\", \\\"id\\\": 9}]}]\"", "layout": 9, "name": "Second Floor"}}, {"pk": 5, "model": "layouts.floor", "fields": {"story": 1, "json": "\"[{\\\"id\\\": 1, \\\"source\\\": {\\\"x\\\": 540, \\\"y\\\": 860, \\\"id\\\": 1}, \\\"dest\\\": {\\\"x\\\": 1480, \\\"y\\\": 860, \\\"id\\\": 3}, \\\"outer\\\": true, \\\"elements\\\": [{\\\"type\\\": \\\"window\\\", \\\"offset\\\": 611.0130931494022, \\\"pk\\\": \\\"9\\\", \\\"id\\\": 9}]}, {\\\"id\\\": 2, \\\"source\\\": {\\\"x\\\": 1480, \\\"y\\\": 860, \\\"id\\\": 3}, \\\"dest\\\": {\\\"x\\\": 1480, \\\"y\\\": 1220, \\\"id\\\": 5}, \\\"outer\\\": true, \\\"elements\\\": [{\\\"type\\\": \\\"window\\\", \\\"offset\\\": 278.0017985553331, \\\"pk\\\": \\\"9\\\", \\\"id\\\": 3}]}, {\\\"id\\\": 3, \\\"source\\\": {\\\"x\\\": 1480, \\\"y\\\": 1220, \\\"id\\\": 5}, \\\"dest\\\": {\\\"x\\\": 1160, \\\"y\\\": 1220, \\\"id\\\": 7}, \\\"outer\\\": true, \\\"elements\\\": [{\\\"type\\\": \\\"window\\\", \\\"offset\\\": 138.03260484392808, \\\"pk\\\": \\\"9\\\", \\\"id\\\": 2}]}, {\\\"id\\\": 4, \\\"source\\\": {\\\"x\\\": 1160, \\\"y\\\": 1220, \\\"id\\\": 7}, \\\"dest\\\": {\\\"x\\\": 1160, \\\"y\\\": 1160, \\\"id\\\": 9}, \\\"outer\\\": true, \\\"elements\\\": [{\\\"type\\\": \\\"window\\\", \\\"offset\\\": 29.068883707497267, \\\"pk\\\": \\\"9\\\", \\\"id\\\": 8}]}, {\\\"id\\\": 5, \\\"source\\\": {\\\"x\\\": 1160, \\\"y\\\": 1160, \\\"id\\\": 9}, \\\"dest\\\": {\\\"x\\\": 860, \\\"y\\\": 1160, \\\"id\\\": 11}, \\\"outer\\\": true, \\\"elements\\\": [{\\\"type\\\": \\\"window\\\", \\\"offset\\\": 267.0074905316328, \\\"pk\\\": \\\"9\\\", \\\"id\\\": 6}]}, {\\\"id\\\": 6, \\\"source\\\": {\\\"x\\\": 860, \\\"y\\\": 1160, \\\"id\\\": 11}, \\\"dest\\\": {\\\"x\\\": 860, \\\"y\\\": 1220, \\\"id\\\": 13}, \\\"outer\\\": true, \\\"elements\\\": [{\\\"type\\\": \\\"window\\\", \\\"offset\\\": 30.01666203960727, \\\"pk\\\": \\\"9\\\", \\\"id\\\": 7}]}, {\\\"id\\\": 7, \\\"source\\\": {\\\"x\\\": 860, \\\"y\\\": 1220, \\\"id\\\": 13}, \\\"dest\\\": {\\\"x\\\": 540, \\\"y\\\": 1220, \\\"id\\\": 15}, \\\"outer\\\": true, \\\"elements\\\": [{\\\"type\\\": \\\"window\\\", \\\"offset\\\": 80.00624975587844, \\\"pk\\\": \\\"9\\\", \\\"id\\\": 4}]}, {\\\"id\\\": 8, \\\"source\\\": {\\\"x\\\": 540, \\\"y\\\": 1220, \\\"id\\\": 15}, \\\"dest\\\": {\\\"x\\\": 540, \\\"y\\\": 860, \\\"id\\\": 1}, \\\"outer\\\": true, \\\"elements\\\": [{\\\"type\\\": \\\"window\\\", \\\"offset\\\": 74.00675644831355, \\\"pk\\\": \\\"9\\\", \\\"id\\\": 5}]}, {\\\"id\\\": 11, \\\"source\\\": {\\\"x\\\": 860, \\\"y\\\": 1160, \\\"id\\\": 20}, \\\"dest\\\": {\\\"x\\\": 860, \\\"y\\\": 920, \\\"id\\\": 22}, \\\"outer\\\": false, \\\"elements\\\": [{\\\"type\\\": \\\"vent\\\", \\\"offset\\\": 17.029386365926403, \\\"dx\\\": 6.363961030678928, \\\"dy\\\": -6.363961030678928, \\\"id\\\": 11}]}, {\\\"id\\\": 12, \\\"source\\\": {\\\"x\\\": 860, \\\"y\\\": 920, \\\"id\\\": 22}, \\\"dest\\\": {\\\"x\\\": 1160, \\\"y\\\": 920, \\\"id\\\": 24}, \\\"outer\\\": false, \\\"elements\\\": [{\\\"type\\\": \\\"door\\\", \\\"offset\\\": 155.00322577288512, \\\"pk\\\": \\\"7\\\", \\\"id\\\": 17}]}, {\\\"id\\\": 13, \\\"source\\\": {\\\"x\\\": 1160, \\\"y\\\": 920, \\\"id\\\": 24}, \\\"dest\\\": {\\\"x\\\": 1160, \\\"y\\\": 1160, \\\"id\\\": 26}, \\\"outer\\\": false, \\\"elements\\\": [{\\\"type\\\": \\\"vent\\\", \\\"offset\\\": 222, \\\"dx\\\": 9, \\\"dy\\\": 0, \\\"id\\\": 2}, {\\\"type\\\": \\\"vent\\\", \\\"offset\\\": 38.01315561749642, \\\"dx\\\": 6.363961030678928, \\\"dy\\\": 6.363961030678928, \\\"id\\\": 3}, {\\\"type\\\": \\\"vent\\\", \\\"offset\\\": 54, \\\"dx\\\": -6.363961030678928, \\\"dy\\\": 6.363961030678928, \\\"id\\\": 12}]}, {\\\"id\\\": 14, \\\"source\\\": {\\\"x\\\": 1160, \\\"y\\\": 920, \\\"id\\\": 24}, \\\"dest\\\": {\\\"x\\\": 1240, \\\"y\\\": 920, \\\"id\\\": 28}, \\\"outer\\\": false, \\\"elements\\\": [{\\\"type\\\": \\\"door\\\", \\\"offset\\\": 40.049968789001575, \\\"pk\\\": \\\"7\\\", \\\"id\\\": 18}]}, {\\\"id\\\": 16, \\\"source\\\": {\\\"x\\\": 860, \\\"y\\\": 920, \\\"id\\\": 22}, \\\"dest\\\": {\\\"x\\\": 540, \\\"y\\\": 920, \\\"id\\\": 31}, \\\"outer\\\": false, \\\"elements\\\": [{\\\"type\\\": \\\"door\\\", \\\"offset\\\": 75.0066663703967, \\\"pk\\\": \\\"7\\\", \\\"id\\\": 4}, {\\\"type\\\": \\\"door\\\", \\\"offset\\\": 243, \\\"pk\\\": \\\"7\\\", \\\"id\\\": 5}, {\\\"type\\\": \\\"door\\\", \\\"offset\\\": 159, \\\"pk\\\": \\\"7\\\", \\\"id\\\": 6}, {\\\"type\\\": \\\"vent\\\", \\\"offset\\\": 275.0018181758077, \\\"dx\\\": 0, \\\"dy\\\": 9, \\\"id\\\": 6}, {\\\"type\\\": \\\"vent\\\", \\\"offset\\\": 43.01162633521314, \\\"dx\\\": 0, \\\"dy\\\": 9, \\\"id\\\": 7}, {\\\"type\\\": \\\"vent\\\", \\\"offset\\\": 186.01075237738274, \\\"dx\\\": 0, \\\"dy\\\": 9, \\\"id\\\": 8}]}, {\\\"id\\\": 19, \\\"source\\\": {\\\"x\\\": 640, \\\"y\\\": 920, \\\"id\\\": 35}, \\\"dest\\\": {\\\"x\\\": 640, \\\"y\\\": 1100, \\\"id\\\": 37}, \\\"outer\\\": false, \\\"elements\\\": [{\\\"type\\\": \\\"door\\\", \\\"offset\\\": 149.00335566691106, \\\"pk\\\": \\\"7\\\", \\\"id\\\": 24}]}, {\\\"id\\\": 21, \\\"source\\\": {\\\"x\\\": 760, \\\"y\\\": 920, \\\"id\\\": 39}, \\\"dest\\\": {\\\"x\\\": 760, \\\"y\\\": 1100, \\\"id\\\": 41}, \\\"outer\\\": false, \\\"elements\\\": [{\\\"type\\\": \\\"door\\\", \\\"offset\\\": 151.00331122197287, \\\"pk\\\": \\\"7\\\", \\\"id\\\": 22}]}, {\\\"id\\\": 23, \\\"source\\\": {\\\"x\\\": 860, \\\"y\\\": 1160, \\\"id\\\": 20}, \\\"dest\\\": {\\\"x\\\": 540, \\\"y\\\": 1160, \\\"id\\\": 44}, \\\"outer\\\": false, \\\"elements\\\": [{\\\"type\\\": \\\"door\\\", \\\"offset\\\": 290.0068964697219, \\\"pk\\\": \\\"7\\\", \\\"id\\\": 15}, {\\\"type\\\": \\\"door\\\", \\\"offset\\\": 33, \\\"pk\\\": \\\"7\\\", \\\"id\\\": 16}, {\\\"type\\\": \\\"vent\\\", \\\"offset\\\": 193.01036241611484, \\\"dx\\\": 6.363961030678928, \\\"dy\\\": 6.363961030678928, \\\"id\\\": 10}]}, {\\\"id\\\": 25, \\\"source\\\": {\\\"x\\\": 1240, \\\"y\\\": 920, \\\"id\\\": 46}, \\\"dest\\\": {\\\"x\\\": 1240, \\\"y\\\": 860, \\\"id\\\": 48}, \\\"outer\\\": false, \\\"elements\\\": [{\\\"type\\\": \\\"vent\\\", \\\"offset\\\": 32.01562118716424, \\\"dx\\\": -9, \\\"dy\\\": 0, \\\"id\\\": 5}]}, {\\\"id\\\": 27, \\\"source\\\": {\\\"x\\\": 1240, \\\"y\\\": 920, \\\"id\\\": 50}, \\\"dest\\\": {\\\"x\\\": 1240, \\\"y\\\": 960, \\\"id\\\": 52}, \\\"outer\\\": false, \\\"elements\\\": []}, {\\\"id\\\": 28, \\\"source\\\": {\\\"x\\\": 1240, \\\"y\\\": 960, \\\"id\\\": 52}, \\\"dest\\\": {\\\"x\\\": 1480, \\\"y\\\": 960, \\\"id\\\": 54}, \\\"outer\\\": false, \\\"elements\\\": [{\\\"type\\\": \\\"vent\\\", \\\"offset\\\": 208, \\\"dx\\\": -4.024922359499621, \\\"dy\\\": 8.049844718999243, \\\"id\\\": 1}, {\\\"type\\\": \\\"vent\\\", \\\"offset\\\": 117, \\\"dx\\\": 0, \\\"dy\\\": -9, \\\"id\\\": 4}, {\\\"type\\\": \\\"door\\\", \\\"offset\\\": 32, \\\"pk\\\": \\\"7\\\", \\\"id\\\": 27}]}, {\\\"id\\\": 42, \\\"source\\\": {\\\"x\\\": 840, \\\"y\\\": 920, \\\"id\\\": 78}, \\\"dest\\\": {\\\"x\\\": 840, \\\"y\\\": 980, \\\"id\\\": 80}, \\\"outer\\\": false, \\\"elements\\\": [{\\\"type\\\": \\\"door\\\", \\\"offset\\\": 31.016124838541646, \\\"pk\\\": \\\"7\\\", \\\"id\\\": 3}]}, {\\\"id\\\": 43, \\\"source\\\": {\\\"x\\\": 840, \\\"y\\\": 980, \\\"id\\\": 80}, \\\"dest\\\": {\\\"x\\\": 860, \\\"y\\\": 980, \\\"id\\\": 82}, \\\"outer\\\": false, \\\"elements\\\": []}, {\\\"id\\\": 45, \\\"source\\\": {\\\"x\\\": 560, \\\"y\\\": 920, \\\"id\\\": 84}, \\\"dest\\\": {\\\"x\\\": 560, \\\"y\\\": 980, \\\"id\\\": 86}, \\\"outer\\\": false, \\\"elements\\\": [{\\\"type\\\": \\\"door\\\", \\\"offset\\\": 26, \\\"pk\\\": \\\"7\\\", \\\"id\\\": 1}]}, {\\\"id\\\": 46, \\\"source\\\": {\\\"x\\\": 560, \\\"y\\\": 980, \\\"id\\\": 86}, \\\"dest\\\": {\\\"x\\\": 540, \\\"y\\\": 980, \\\"id\\\": 88}, \\\"outer\\\": false, \\\"elements\\\": []}, {\\\"id\\\": 50, \\\"source\\\": {\\\"x\\\": 620, \\\"y\\\": 1100, \\\"id\\\": 94}, \\\"dest\\\": {\\\"x\\\": 620, \\\"y\\\": 1160, \\\"id\\\": 96}, \\\"outer\\\": false, \\\"elements\\\": [{\\\"type\\\": \\\"door\\\", \\\"offset\\\": 21.095023109728988, \\\"pk\\\": \\\"7\\\", \\\"id\\\": 14}]}, {\\\"id\\\": 53, \\\"source\\\": {\\\"x\\\": 620, \\\"y\\\": 1100, \\\"id\\\": 94}, \\\"dest\\\": {\\\"x\\\": 780, \\\"y\\\": 1100, \\\"id\\\": 100}, \\\"outer\\\": false, \\\"elements\\\": [{\\\"type\\\": \\\"door\\\", \\\"offset\\\": 81, \\\"pk\\\": \\\"7\\\", \\\"id\\\": 10}, {\\\"type\\\": \\\"vent\\\", \\\"offset\\\": 50.00999900019995, \\\"dx\\\": 0, \\\"dy\\\": 9, \\\"id\\\": 9}]}, {\\\"id\\\": 54, \\\"source\\\": {\\\"x\\\": 780, \\\"y\\\": 1100, \\\"id\\\": 100}, \\\"dest\\\": {\\\"x\\\": 780, \\\"y\\\": 1160, \\\"id\\\": 102}, \\\"outer\\\": false, \\\"elements\\\": [{\\\"type\\\": \\\"door\\\", \\\"offset\\\": 21.02379604162864, \\\"pk\\\": \\\"7\\\", \\\"id\\\": 13}]}]\"", "layout": 3, "name": "Second Floor"}}, {"pk": 2, "model": "layouts.floor", "fields": {"story": 1, "json": "\"[{\\\"id\\\": 1, \\\"source\\\": {\\\"x\\\": 540, \\\"y\\\": 820, \\\"id\\\": 1}, \\\"dest\\\": {\\\"x\\\": 540, \\\"y\\\": 1200, \\\"id\\\": 3}, \\\"outer\\\": true, \\\"elements\\\": [{\\\"type\\\": \\\"window\\\", \\\"offset\\\": 341, \\\"pk\\\": \\\"1\\\", \\\"id\\\": 12}, {\\\"type\\\": \\\"window\\\", \\\"offset\\\": 248.0020161208372, \\\"pk\\\": \\\"1\\\", \\\"id\\\": 13}, {\\\"type\\\": \\\"window\\\", \\\"offset\\\": 97.0051545022222, \\\"pk\\\": \\\"1\\\", \\\"id\\\": 14}, {\\\"type\\\": \\\"window\\\", \\\"offset\\\": 31.064449134018133, \\\"pk\\\": \\\"1\\\", \\\"id\\\": 15}]}, {\\\"id\\\": 2, \\\"source\\\": {\\\"x\\\": 540, \\\"y\\\": 1200, \\\"id\\\": 3}, \\\"dest\\\": {\\\"x\\\": 840, \\\"y\\\": 1200, \\\"id\\\": 5}, \\\"outer\\\": true, \\\"elements\\\": [{\\\"type\\\": \\\"window\\\", \\\"offset\\\": 239.0083680543424, \\\"pk\\\": \\\"2\\\", \\\"id\\\": 7}, {\\\"type\\\": \\\"window\\\", \\\"offset\\\": 143.0034964607509, \\\"pk\\\": \\\"2\\\", \\\"id\\\": 8}, {\\\"type\\\": \\\"window\\\", \\\"offset\\\": 62, \\\"pk\\\": \\\"2\\\", \\\"id\\\": 9}, {\\\"type\\\": \\\"vent\\\", \\\"offset\\\": 84.00595217006948, \\\"dx\\\": 0, \\\"dy\\\": -9, \\\"id\\\": 9}, {\\\"type\\\": \\\"vent\\\", \\\"offset\\\": 176.02556632489498, \\\"dx\\\": 0, \\\"dy\\\": -9, \\\"id\\\": 10}]}, {\\\"id\\\": 3, \\\"source\\\": {\\\"x\\\": 840, \\\"y\\\": 1200, \\\"id\\\": 5}, \\\"dest\\\": {\\\"x\\\": 840, \\\"y\\\": 1080, \\\"id\\\": 7}, \\\"outer\\\": true, \\\"elements\\\": []}, {\\\"id\\\": 4, \\\"source\\\": {\\\"x\\\": 840, \\\"y\\\": 1080, \\\"id\\\": 7}, \\\"dest\\\": {\\\"x\\\": 1140, \\\"y\\\": 1080, \\\"id\\\": 9}, \\\"outer\\\": true, \\\"elements\\\": [{\\\"type\\\": \\\"window\\\", \\\"offset\\\": 87.09190547921202, \\\"pk\\\": \\\"1\\\", \\\"id\\\": 18}, {\\\"type\\\": \\\"window\\\", \\\"offset\\\": 165.01212076693034, \\\"pk\\\": \\\"1\\\", \\\"id\\\": 19}, {\\\"type\\\": \\\"vent\\\", \\\"offset\\\": 123.00406497347964, \\\"dx\\\": 0, \\\"dy\\\": -9, \\\"id\\\": 7}]}, {\\\"id\\\": 6, \\\"source\\\": {\\\"x\\\": 1140, \\\"y\\\": 1080, \\\"id\\\": 9}, \\\"dest\\\": {\\\"x\\\": 1140, \\\"y\\\": 1200, \\\"id\\\": 12}, \\\"outer\\\": true, \\\"elements\\\": []}, {\\\"id\\\": 7, \\\"source\\\": {\\\"x\\\": 1140, \\\"y\\\": 1200, \\\"id\\\": 12}, \\\"dest\\\": {\\\"x\\\": 1460, \\\"y\\\": 1200, \\\"id\\\": 14}, \\\"outer\\\": true, \\\"elements\\\": [{\\\"type\\\": \\\"window\\\", \\\"offset\\\": 207.02173798903343, \\\"pk\\\": \\\"3\\\", \\\"id\\\": 1}]}, {\\\"id\\\": 8, \\\"source\\\": {\\\"x\\\": 1460, \\\"y\\\": 1200, \\\"id\\\": 14}, \\\"dest\\\": {\\\"x\\\": 1460, \\\"y\\\": 820, \\\"id\\\": 16}, \\\"outer\\\": true, \\\"elements\\\": [{\\\"type\\\": \\\"door\\\", \\\"offset\\\": 270, \\\"pk\\\": \\\"2\\\", \\\"id\\\": 8}]}, {\\\"id\\\": 11, \\\"source\\\": {\\\"x\\\": 1460, \\\"y\\\": 820, \\\"id\\\": 16}, \\\"dest\\\": {\\\"x\\\": 540, \\\"y\\\": 820, \\\"id\\\": 1}, \\\"outer\\\": true, \\\"elements\\\": [{\\\"type\\\": \\\"window\\\", \\\"offset\\\": 33.06055050963308, \\\"pk\\\": \\\"2\\\", \\\"id\\\": 4}, {\\\"type\\\": \\\"window\\\", \\\"offset\\\": 95.00526301210897, \\\"pk\\\": \\\"2\\\", \\\"id\\\": 5}, {\\\"type\\\": \\\"window\\\", \\\"offset\\\": 162.01234520862909, \\\"pk\\\": \\\"2\\\", \\\"id\\\": 6}, {\\\"type\\\": \\\"window\\\", \\\"offset\\\": 875.0005714283849, \\\"pk\\\": \\\"2\\\", \\\"id\\\": 10}, {\\\"type\\\": \\\"window\\\", \\\"offset\\\": 798.0056390778201, \\\"pk\\\": \\\"2\\\", \\\"id\\\": 11}, {\\\"type\\\": \\\"window\\\", \\\"offset\\\": 584, \\\"pk\\\": \\\"1\\\", \\\"id\\\": 16}, {\\\"type\\\": \\\"window\\\", \\\"offset\\\": 482.00103734328206, \\\"pk\\\": \\\"1\\\", \\\"id\\\": 17}, {\\\"type\\\": \\\"window\\\", \\\"offset\\\": 413.0012106519786, \\\"pk\\\": \\\"1\\\", \\\"id\\\": 20}, {\\\"type\\\": \\\"window\\\", \\\"offset\\\": 675.0029629564599, \\\"pk\\\": \\\"1\\\", \\\"id\\\": 21}, {\\\"type\\\": \\\"window\\\", \\\"offset\\\": 271.02951868754076, \\\"pk\\\": \\\"1\\\", \\\"id\\\": 22}, {\\\"type\\\": \\\"vent\\\", \\\"offset\\\": 134.03357788255897, \\\"dx\\\": 0, \\\"dy\\\": 9, \\\"id\\\": 1}, {\\\"type\\\": \\\"vent\\\", \\\"offset\\\": 64.03124237432849, \\\"dx\\\": 0, \\\"dy\\\": 9, \\\"id\\\": 2}, {\\\"type\\\": \\\"vent\\\", \\\"offset\\\": 533.0037523320075, \\\"dx\\\": 0, \\\"dy\\\": 9, \\\"id\\\": 6}, {\\\"type\\\": \\\"vent\\\", \\\"offset\\\": 830.0096384982526, \\\"dx\\\": 0, \\\"dy\\\": 9, \\\"id\\\": 8}, {\\\"type\\\": \\\"vent\\\", \\\"offset\\\": 433.01847535642173, \\\"dx\\\": 0, \\\"dy\\\": 9, \\\"id\\\": 13}]}, {\\\"id\\\": 12, \\\"source\\\": {\\\"x\\\": 1460, \\\"y\\\": 820, \\\"id\\\": 16}, \\\"dest\\\": {\\\"x\\\": 1460, \\\"y\\\": 980, \\\"id\\\": 18}, \\\"outer\\\": true, \\\"elements\\\": []}, {\\\"id\\\": 13, \\\"source\\\": {\\\"x\\\": 1460, \\\"y\\\": 980, \\\"id\\\": 18}, \\\"dest\\\": {\\\"x\\\": 1460, \\\"y\\\": 1200, \\\"id\\\": 14}, \\\"outer\\\": true, \\\"elements\\\": [{\\\"type\\\": \\\"window\\\", \\\"offset\\\": 184.0108692441835, \\\"pk\\\": \\\"2\\\", \\\"id\\\": 2}, {\\\"type\\\": \\\"window\\\", \\\"offset\\\": 47, \\\"pk\\\": \\\"2\\\", \\\"id\\\": 3}, {\\\"type\\\": \\\"vent\\\", \\\"offset\\\": 209.0095691589263, \\\"dx\\\": -9, \\\"dy\\\": 0, \\\"id\\\": 3}, {\\\"type\\\": \\\"vent\\\", \\\"offset\\\": 147, \\\"dx\\\": -9, \\\"dy\\\": 0, \\\"id\\\": 4}, {\\\"type\\\": \\\"vent\\\", \\\"offset\\\": 99.08077512817509, \\\"dx\\\": -9, \\\"dy\\\": 0, \\\"id\\\": 5}]}, {\\\"id\\\": 15, \\\"source\\\": {\\\"x\\\": 900, \\\"y\\\": 980, \\\"id\\\": 23}, \\\"dest\\\": {\\\"x\\\": 900, \\\"y\\\": 1080, \\\"id\\\": 25}, \\\"outer\\\": false, \\\"elements\\\": []}, {\\\"id\\\": 17, \\\"source\\\": {\\\"x\\\": 900, \\\"y\\\": 980, \\\"id\\\": 23}, \\\"dest\\\": {\\\"x\\\": 1060, \\\"y\\\": 980, \\\"id\\\": 28}, \\\"outer\\\": false, \\\"elements\\\": [{\\\"type\\\": \\\"door\\\", \\\"offset\\\": 44.01136216933077, \\\"pk\\\": 1, \\\"id\\\": 4}]}, {\\\"id\\\": 18, \\\"source\\\": {\\\"x\\\": 1060, \\\"y\\\": 980, \\\"id\\\": 28}, \\\"dest\\\": {\\\"x\\\": 1060, \\\"y\\\": 1080, \\\"id\\\": 30}, \\\"outer\\\": false, \\\"elements\\\": []}, {\\\"id\\\": 21, \\\"source\\\": {\\\"x\\\": 840, \\\"y\\\": 940, \\\"id\\\": 34}, \\\"dest\\\": {\\\"x\\\": 1020, \\\"y\\\": 940, \\\"id\\\": 36}, \\\"outer\\\": false, \\\"elements\\\": [{\\\"type\\\": \\\"door\\\", \\\"offset\\\": 39, \\\"pk\\\": 1, \\\"id\\\": 3}]}, {\\\"id\\\": 22, \\\"source\\\": {\\\"x\\\": 1020, \\\"y\\\": 940, \\\"id\\\": 36}, \\\"dest\\\": {\\\"x\\\": 1020, \\\"y\\\": 820, \\\"id\\\": 38}, \\\"outer\\\": false, \\\"elements\\\": []}, {\\\"id\\\": 24, \\\"source\\\": {\\\"x\\\": 1020, \\\"y\\\": 940, \\\"id\\\": 36}, \\\"dest\\\": {\\\"x\\\": 1080, \\\"y\\\": 940, \\\"id\\\": 41}, \\\"outer\\\": false, \\\"elements\\\": [{\\\"type\\\": \\\"door\\\", \\\"offset\\\": 29.017236257093817, \\\"pk\\\": 1, \\\"id\\\": 5}]}, {\\\"id\\\": 25, \\\"source\\\": {\\\"x\\\": 1080, \\\"y\\\": 940, \\\"id\\\": 41}, \\\"dest\\\": {\\\"x\\\": 1080, \\\"y\\\": 820, \\\"id\\\": 43}, \\\"outer\\\": false, \\\"elements\\\": [{\\\"type\\\": \\\"door\\\", \\\"offset\\\": 89.00561780022652, \\\"pk\\\": \\\"1\\\", \\\"id\\\": 12}]}, {\\\"id\\\": 27, \\\"source\\\": {\\\"x\\\": 1080, \\\"y\\\": 880, \\\"id\\\": 45}, \\\"dest\\\": {\\\"x\\\": 1140, \\\"y\\\": 880, \\\"id\\\": 47}, \\\"outer\\\": false, \\\"elements\\\": []}, {\\\"id\\\": 30, \\\"source\\\": {\\\"x\\\": 1080, \\\"y\\\": 940, \\\"id\\\": 41}, \\\"dest\\\": {\\\"x\\\": 1140, \\\"y\\\": 940, \\\"id\\\": 52}, \\\"outer\\\": false, \\\"elements\\\": [{\\\"type\\\": \\\"door\\\", \\\"offset\\\": 29, \\\"pk\\\": \\\"1\\\", \\\"id\\\": 14}]}, {\\\"id\\\": 31, \\\"source\\\": {\\\"x\\\": 1140, \\\"y\\\": 940, \\\"id\\\": 52}, \\\"dest\\\": {\\\"x\\\": 1140, \\\"y\\\": 820, \\\"id\\\": 54}, \\\"outer\\\": false, \\\"elements\\\": []}, {\\\"id\\\": 33, \\\"source\\\": {\\\"x\\\": 1280, \\\"y\\\": 980, \\\"id\\\": 56}, \\\"dest\\\": {\\\"x\\\": 1460, \\\"y\\\": 980, \\\"id\\\": 58}, \\\"outer\\\": false, \\\"elements\\\": []}, {\\\"id\\\": 36, \\\"source\\\": {\\\"x\\\": 1200, \\\"y\\\": 1040, \\\"id\\\": 62}, \\\"dest\\\": {\\\"x\\\": 1200, \\\"y\\\": 1200, \\\"id\\\": 64}, \\\"outer\\\": false, \\\"elements\\\": []}, {\\\"id\\\": 38, \\\"source\\\": {\\\"x\\\": 1240, \\\"y\\\": 820, \\\"id\\\": 66}, \\\"dest\\\": {\\\"x\\\": 1240, \\\"y\\\": 920, \\\"id\\\": 68}, \\\"outer\\\": false, \\\"elements\\\": []}, {\\\"id\\\": 41, \\\"source\\\": {\\\"x\\\": 720, \\\"y\\\": 900, \\\"id\\\": 72}, \\\"dest\\\": {\\\"x\\\": 840, \\\"y\\\": 900, \\\"id\\\": 74}, \\\"outer\\\": false, \\\"elements\\\": []}, {\\\"id\\\": 43, \\\"source\\\": {\\\"x\\\": 720, \\\"y\\\": 900, \\\"id\\\": 72}, \\\"dest\\\": {\\\"x\\\": 720, \\\"y\\\": 820, \\\"id\\\": 77}, \\\"outer\\\": false, \\\"elements\\\": [{\\\"type\\\": \\\"door\\\", \\\"offset\\\": 39.01281840626232, \\\"pk\\\": 1, \\\"id\\\": 1}]}, {\\\"id\\\": 48, \\\"source\\\": {\\\"x\\\": 840, \\\"y\\\": 820, \\\"id\\\": 87}, \\\"dest\\\": {\\\"x\\\": 840, \\\"y\\\": 1080, \\\"id\\\": 89}, \\\"outer\\\": false, \\\"elements\\\": [{\\\"type\\\": \\\"door\\\", \\\"offset\\\": 219.00228309312212, \\\"pk\\\": \\\"1\\\", \\\"id\\\": 9}]}]\"", "layout": 1, "name": "Second Floor"}}, {"pk": 12, "model": "layouts.windowcount", "fields": {"count": 3, "width": 79.0, "window": 9, "floor": 4}}, {"pk": 13, "model": "layouts.windowcount", "fields": {"count": 6, "width": 24.0, "window": 8, "floor": 4}}, {"pk": 14, "model": "layouts.windowcount", "fields": {"count": 0, "width": 0.0, "window": 7, "floor": 4}}, {"pk": 15, "model": "layouts.windowcount", "fields": {"count": 8, "width": 136.0, "window": 9, "floor": 5}}, {"pk": 16, "model": "layouts.windowcount", "fields": {"count": 0, "width": 0.0, "window": 8, "floor": 5}}, {"pk": 17, "model": "layouts.windowcount", "fields": {"count": 0, "width": 0.0, "window": 7, "floor": 5}}, {"pk": 9, "model": "layouts.windowcount", "fields": {"count": 10, "width": 25.0, "window": 5, "floor": 3}}, {"pk": 10, "model": "layouts.windowcount", "fields": {"count": 6, "width": 6.0, "window": 4, "floor": 3}}, {"pk": 11, "model": "layouts.windowcount", "fields": {"count": 4, "width": 48.0, "window": 6, "floor": 3}}, {"pk": 18, "model": "layouts.windowcount", "fields": {"count": 11, "width": 11.0, "window": 1, "floor": 2}}, {"pk": 19, "model": "layouts.windowcount", "fields": {"count": 1, "width": 16.0, "window": 3, "floor": 2}}, {"pk": 20, "model": "layouts.windowcount", "fields": {"count": 10, "width": 18.3333333333333, "window": 2, "floor": 2}}, {"pk": 6, "model": "layouts.windowcount", "fields": {"count": 7, "width": 7.0, "window": 1, "floor": 1}}, {"pk": 7, "model": "layouts.windowcount", "fields": {"count": 0, "width": 0.0, "window": 3, "floor": 1}}, {"pk": 8, "model": "layouts.windowcount", "fields": {"count": 6, "width": 11.0, "window": 2, "floor": 1}}, {"pk": 44, "model": "layouts.windowcount", "fields": {"count": 7, "width": 7.0, "window": 20, "floor": 18}}, {"pk": 46, "model": "layouts.windowcount", "fields": {"count": 6, "width": 11.0, "window": 21, "floor": 18}}, {"pk": 48, "model": "layouts.windowcount", "fields": {"count": 0, "width": 0.0, "window": 22, "floor": 18}}, {"pk": 43, "model": "layouts.windowcount", "fields": {"count": 11, "width": 11.0, "window": 20, "floor": 19}}, {"pk": 47, "model": "layouts.windowcount", "fields": {"count": 1, "width": 16.0, "window": 22, "floor": 19}}, {"pk": 45, "model": "layouts.windowcount", "fields": {"count": 10, "width": 18.3333333333333, "window": 21, "floor": 19}}, {"pk": 4, "model": "layouts.doorcount", "fields": {"count": 4, "door": 5, "floor": 3}}, {"pk": 5, "model": "layouts.doorcount", "fields": {"count": 0, "door": 4, "floor": 3}}, {"pk": 6, "model": "layouts.doorcount", "fields": {"count": 4, "door": 8, "floor": 4}}, {"pk": 7, "model": "layouts.doorcount", "fields": {"count": 0, "door": 7, "floor": 4}}, {"pk": 8, "model": "layouts.doorcount", "fields": {"count": 0, "door": 8, "floor": 5}}, {"pk": 9, "model": "layouts.doorcount", "fields": {"count": 0, "door": 7, "floor": 5}}, {"pk": 10, "model": "layouts.doorcount", "fields": {"count": 0, "door": 1, "floor": 2}}, {"pk": 11, "model": "layouts.doorcount", "fields": {"count": 0, "door": 3, "floor": 2}}, {"pk": 12, "model": "layouts.doorcount", "fields": {"count": 1, "door": 2, "floor": 2}}, {"pk": 1, "model": "layouts.doorcount", "fields": {"count": 2, "door": 1, "floor": 1}}, {"pk": 2, "model": "layouts.doorcount", "fields": {"count": 2, "door": 3, "floor": 1}}, {"pk": 3, "model": "layouts.doorcount", "fields": {"count": 0, "door": 2, "floor": 1}}, {"pk": 36, "model": "layouts.doorcount", "fields": {"count": 2, "door": 20, "floor": 18}}, {"pk": 38, "model": "layouts.doorcount", "fields": {"count": 0, "door": 21, "floor": 18}}, {"pk": 40, "model": "layouts.doorcount", "fields": {"count": 2, "door": 22, "floor": 18}}, {"pk": 35, "model": "layouts.doorcount", "fields": {"count": 0, "door": 20, "floor": 19}}, {"pk": 39, "model": "layouts.doorcount", "fields": {"count": 0, "door": 22, "floor": 19}}, {"pk": 37, "model": "layouts.doorcount", "fields": {"count": 1, "door": 21, "floor": 19}}, {"pk": 1, "model": "costing.standard", "fields": {"name": "2004", "year": 2004}}, {"pk": 2, "model": "costing.standard", "fields": {"name": "2007", "year": 2007}}, {"pk": 3, "model": "costing.standard", "fields": {"name": "Low Energy Case", "year": 2009}}, {"pk": 1, "model": "costing.requirements", "fields": {"window_vt": 0.61, "wall_r": 0.0, "zone": 1, "roof_r": 0.0, "standard": 1, "window_u": 1.143, "window_shgc": 0.61}}, {"pk": 2, "model": "costing.requirements", "fields": {"window_vt": 0.61, "wall_r": 0.0, "zone": 2, "roof_r": 0.0, "standard": 1, "window_u": 1.143, "window_shgc": 0.61}}, {"pk": 3, "model": "costing.requirements", "fields": {"window_vt": 0.622, "wall_r": 0.0, "zone": 3, "roof_r": 5.7, "standard": 1, "window_u": 0.56, "window_shgc": 0.501}}, {"pk": 4, "model": "costing.requirements", "fields": {"window_vt": 0.622, "wall_r": 0.0, "zone": 4, "roof_r": 5.7, "standard": 1, "window_u": 0.56, "window_shgc": 0.501}}, {"pk": 5, "model": "costing.requirements", "fields": {"window_vt": 0.622, "wall_r": 0.0, "zone": 5, "roof_r": 7.6, "standard": 1, "window_u": 0.56, "window_shgc": 0.501}}, {"pk": 6, "model": "costing.requirements", "fields": {"window_vt": 0.622, "wall_r": 0.0, "zone": 6, "roof_r": 9.5, "standard": 1, "window_u": 0.56, "window_shgc": 0.501}}, {"pk": 7, "model": "costing.requirements", "fields": {"window_vt": 0.64, "wall_r": 0.0, "zone": 7, "roof_r": 11.4, "standard": 1, "window_u": 0.56, "window_shgc": 0.651}}, {"pk": 8, "model": "costing.requirements", "fields": {"window_vt": 0.64, "wall_r": 7.5, "zone": 8, "roof_r": 13.3, "standard": 1, "window_u": 0.455, "window_shgc": 0.654}}, {"pk": 9, "model": "costing.requirements", "fields": {"window_vt": 0.25, "wall_r": 0.0, "zone": 1, "roof_r": 0.0, "standard": 2, "window_u": 1.131, "window_shgc": 0.25}}, {"pk": 10, "model": "costing.requirements", "fields": {"window_vt": 0.25, "wall_r": 0.0, "zone": 2, "roof_r": 5.7, "standard": 2, "window_u": 0.727, "window_shgc": 0.258}}, {"pk": 11, "model": "costing.requirements", "fields": {"window_vt": 0.318, "wall_r": 0.0, "zone": 3, "roof_r": 7.6, "standard": 2, "window_u": 0.634, "window_shgc": 0.259}}, {"pk": 12, "model": "costing.requirements", "fields": {"window_vt": 0.508, "wall_r": 0.0, "zone": 4, "roof_r": 9.5, "standard": 2, "window_u": 0.54, "window_shgc": 0.412}}, {"pk": 13, "model": "costing.requirements", "fields": {"window_vt": 0.508, "wall_r": 3.8, "zone": 5, "roof_r": 11.4, "standard": 2, "window_u": 0.54, "window_shgc": 0.412}}, {"pk": 14, "model": "costing.requirements", "fields": {"window_vt": 0.508, "wall_r": 7.5, "zone": 6, "roof_r": 13.3, "standard": 2, "window_u": 0.54, "window_shgc": 0.412}}, {"pk": 15, "model": "costing.requirements", "fields": {"window_vt": 0.45, "wall_r": 7.5, "zone": 7, "roof_r": 15.2, "standard": 2, "window_u": 0.444, "window_shgc": 0.465}}, {"pk": 16, "model": "costing.requirements", "fields": {"window_vt": 0.45, "wall_r": 15.8, "zone": 8, "roof_r": 15.2, "standard": 2, "window_u": 0.444, "window_shgc": 0.465}}, {"pk": 17, "model": "costing.requirements", "fields": {"window_vt": 0.25, "wall_r": 3.8, "zone": 1, "roof_r": 7.6, "standard": 3, "window_u": 1.131, "window_shgc": 0.25}}, {"pk": 18, "model": "costing.requirements", "fields": {"window_vt": 0.25, "wall_r": 3.8, "zone": 2, "roof_r": 9.5, "standard": 3, "window_u": 0.727, "window_shgc": 0.258}}, {"pk": 19, "model": "costing.requirements", "fields": {"window_vt": 0.318, "wall_r": 3.8, "zone": 3, "roof_r": 11.4, "standard": 3, "window_u": 0.54, "window_shgc": 0.259}}, {"pk": 20, "model": "costing.requirements", "fields": {"window_vt": 0.508, "wall_r": 3.8, "zone": 4, "roof_r": 11.4, "standard": 3, "window_u": 0.444, "window_shgc": 0.412}}, {"pk": 21, "model": "costing.requirements", "fields": {"window_vt": 0.508, "wall_r": 7.5, "zone": 5, "roof_r": 15.2, "standard": 3, "window_u": 0.444, "window_shgc": 0.412}}, {"pk": 22, "model": "costing.requirements", "fields": {"window_vt": 0.508, "wall_r": 10.0, "zone": 6, "roof_r": 20.0, "standard": 3, "window_u": 0.444, "window_shgc": 0.412}}, {"pk": 23, "model": "costing.requirements", "fields": {"window_vt": 0.45, "wall_r": 10.0, "zone": 7, "roof_r": 20.0, "standard": 3, "window_u": 0.347, "window_shgc": 0.465}}, {"pk": 24, "model": "costing.requirements", "fields": {"window_vt": 0.45, "wall_r": 10.0, "zone": 8, "roof_r": 31.3, "standard": 3, "window_u": 0.347, "window_shgc": 0.465}}, {"pk": 5, "model": "costing.wallinsulation", "fields": {"r": 3.85, "cost": "0.88", "description": "Expanded Polystyrine"}}, {"pk": 10, "model": "costing.wallinsulation", "fields": {"r": 3.9, "cost": "0.95", "description": "Foil Faced Isocyanurate"}}, {"pk": 9, "model": "costing.wallinsulation", "fields": {"r": 4.5, "cost": "1.18", "description": "Foil Faced Isocyanurate"}}, {"pk": 7, "model": "costing.wallinsulation", "fields": {"r": 5.0, "cost": "1.82", "description": "Extruded Polystyrine"}}, {"pk": 8, "model": "costing.wallinsulation", "fields": {"r": 5.4, "cost": "1.01", "description": "Foil Faced Isocyanurate"}}, {"pk": 4, "model": "costing.wallinsulation", "fields": {"r": 7.69, "cost": "1.35", "description": "Expanded Polystyrine"}}, {"pk": 3, "model": "costing.wallinsulation", "fields": {"r": 11.49, "cost": "1.54", "description": "Expanded Polystyrine"}}, {"pk": 2, "model": "costing.wallinsulation", "fields": {"r": 13.0, "cost": "0.69", "description": "Unfaced Fiberglass"}}, {"pk": 6, "model": "costing.wallinsulation", "fields": {"r": 15.0, "cost": "2.22", "description": "Extruded Polystyrine"}}, {"pk": 1, "model": "costing.wallinsulation", "fields": {"r": 15.0, "cost": "0.99", "description": "Foil Faced Fiberglass"}}, {"pk": 5, "model": "costing.roofinsulation", "fields": {"r": 2.89, "cost": "0.65", "description": "Expanded Polystyrine"}}, {"pk": 6, "model": "costing.roofinsulation", "fields": {"r": 3.85, "cost": "0.65", "description": "Expanded Polystyrine"}}, {"pk": 8, "model": "costing.roofinsulation", "fields": {"r": 5.1, "cost": "0.79", "description": "Foil Faced Isocyanurate"}}, {"pk": 9, "model": "costing.roofinsulation", "fields": {"r": 7.14, "cost": "0.88", "description": "Foil Faced Isocyanurate"}}, {"pk": 10, "model": "costing.roofinsulation", "fields": {"r": 10.87, "cost": "0.86", "description": "Foil Faced Isocyanurate"}}, {"pk": 1, "model": "costing.roofinsulation", "fields": {"r": 11.49, "cost": "1.37", "description": "Expanded Polystyrine"}}, {"pk": 7, "model": "costing.roofinsulation", "fields": {"r": 14.29, "cost": "1.81", "description": "Isocyanurate/Perlite Composite"}}, {"pk": 14, "model": "costing.roofinsulation", "fields": {"r": 14.29, "cost": "1.31", "description": "Foil Faced Isocyanurate"}}, {"pk": 2, "model": "costing.roofinsulation", "fields": {"r": 15.38, "cost": "1.46", "description": "Expanded Polystyrine"}}, {"pk": 11, "model": "costing.roofinsulation", "fields": {"r": 16.67, "cost": "1.55", "description": "Foil Faced Isocyanurate"}}, {"pk": 3, "model": "costing.roofinsulation", "fields": {"r": 19.23, "cost": "1.56", "description": "Expanded Polystyrine"}}, {"pk": 12, "model": "costing.roofinsulation", "fields": {"r": 21.74, "cost": "1.85", "description": "Foil Faced Isocyanurate"}}, {"pk": 4, "model": "costing.roofinsulation", "fields": {"r": 23.26, "cost": "1.75", "description": "Expanded Polystyrine"}}, {"pk": 13, "model": "costing.roofinsulation", "fields": {"r": 25.0, "cost": "2.58", "description": "Foil Faced Isocyanurate"}}, {"pk": 22, "model": "costing.window", "fields": {"description": "Windows, aluminum, insulated, standard glass", "frame": "Insulated Fiberglass/Vinyl", "cost": "46.56", "vt": 0.4, "operability": 0, "u": 0.32, "coatings": "1", "shgc": 0.35, "film": "Bronze"}}, {"pk": 7, "model": "costing.window", "fields": {"description": "Glazing panel, plate glass, 1/2\" thick, clear", "frame": "Structural Glazing", "cost": "45.42", "vt": 0.35, "operability": 2, "u": 0.34, "coatings": "1", "shgc": 0.23, "film": "Blue"}}, {"pk": 10, "model": "costing.window", "fields": {"description": "Windows, aluminum, commercial grade, stock units, awning type, standard glass, 3'-0\" x 3'-0\" opening, incl. frame and glazing", "frame": "Insulated Fiberglass/Vinyl", "cost": "68.22", "vt": 0.42, "operability": 1, "u": 0.34, "coatings": "0", "shgc": 0.26, "film": "High Performance Green Tinted"}}, {"pk": 16, "model": "costing.window", "fields": {"description": "Windows, aluminum, insulated, standard glass", "frame": "Reinforced Wood/Vinyl", "cost": "46.56", "vt": 0.31, "operability": 0, "u": 0.35, "coatings": "1", "shgc": 0.21, "film": "Gray"}}, {"pk": 4, "model": "costing.window", "fields": {"description": "Windows, aluminum, commercial grade, stock units, awning type, standard glass, 3'-0\" x 3'-0\" opening, incl. frame and glazing", "frame": "Reinforced Wood/Vinyl", "cost": "68.22", "vt": 0.42, "operability": 1, "u": 0.38, "coatings": "0", "shgc": 0.26, "film": "High Performance Green Tinted"}}, {"pk": 5, "model": "costing.window", "fields": {"description": "Glazing panel, plate glass, 1/2\" thick, clear", "frame": "Structural Glazing", "cost": "42.23", "vt": 0.47, "operability": 2, "u": 0.4, "coatings": "0", "shgc": 0.29, "film": "High Performance Green Tinted"}}, {"pk": 9, "model": "costing.window", "fields": {"description": "Glazing panel, plate glass, 1/2\" thick, clear", "frame": "Structural Glazing", "cost": "45.42", "vt": 0.31, "operability": 2, "u": 0.41, "coatings": "1", "shgc": 0.21, "film": "Gray"}}, {"pk": 25, "model": "costing.window", "fields": {"description": "Windows, aluminum, insulated, standard glass", "frame": "Aluminum With Break", "cost": "42.11", "vt": 0.48, "operability": 0, "u": 0.41, "coatings": "0", "shgc": 0.3, "film": "High Performance Green Tinted"}}, {"pk": 17, "model": "costing.window", "fields": {"description": "Windows, aluminum, insulated, standard glass", "frame": "Aluminum With Break", "cost": "46.56", "vt": 0.41, "operability": 0, "u": 0.42, "coatings": "1", "shgc": 0.36, "film": "Bronze"}}, {"pk": 30, "model": "costing.window", "fields": {"description": "Glazing panel, plate glass, 1/2\" thick, clear", "frame": "Structural Glazing", "cost": "45.42", "vt": 0.4, "operability": 2, "u": 0.43, "coatings": "1", "shgc": 0.35, "film": "Bronze"}}, {"pk": 19, "model": "costing.window", "fields": {"description": "Windows, aluminum, commercial grade, stock units, awning type, standard glass, incl. frame and glazing", "frame": "Aluminum With Break", "cost": "68.22", "vt": 0.47, "operability": 1, "u": 0.44, "coatings": "0", "shgc": 0.3, "film": "High Performance Green Tinted"}}, {"pk": 20, "model": "costing.window", "fields": {"description": "Windows, aluminum, insulated, standard glass", "frame": "Aluminum", "cost": "49.52", "vt": 0.56, "operability": 0, "u": 0.44, "coatings": "2", "shgc": 0.38, "film": "Low-Emissivity Coating"}}, {"pk": 18, "model": "costing.window", "fields": {"description": "Windows, aluminum, commercial grade, stock units, awning type, standard glass, incl. frame and glazing", "frame": "Aluminum With Break", "cost": "68.22", "vt": 0.62, "operability": 1, "u": 0.44, "coatings": "0", "shgc": 0.56, "film": "Clear"}}, {"pk": 15, "model": "costing.window", "fields": {"description": "Windows, aluminum, commercial grade, stock units, awning type, standard glass, incl. frame and glazing", "frame": "Aluminum With Break", "cost": "76.66", "vt": 0.31, "operability": 1, "u": 0.45, "coatings": "1", "shgc": 0.23, "film": "Gray"}}, {"pk": 26, "model": "costing.window", "fields": {"description": "Glazing panel, plate glass, 1/2\" thick, clear", "frame": "Aluminum With Break", "cost": "42.23", "vt": 0.48, "operability": 2, "u": 0.45, "coatings": "0", "shgc": 0.3, "film": "High Performance Green Tinted"}}, {"pk": 29, "model": "costing.window", "fields": {"description": "Glazing panel, plate glass, 1/2\" thick, clear", "frame": "Aluminum With Break", "cost": "42.23", "vt": 0.63, "operability": 2, "u": 0.45, "coatings": "0", "shgc": 0.56, "film": "Clear"}}, {"pk": 13, "model": "costing.window", "fields": {"description": "Windows, aluminum, insulated, standard glass", "frame": "Aluminum", "cost": "40.61", "vt": 0.48, "operability": 0, "u": 0.47, "coatings": "0", "shgc": 0.3, "film": "High Performance Green Tinted"}}, {"pk": 11, "model": "costing.window", "fields": {"description": "Windows, aluminum, insulated, standard glass", "frame": "Aluminum", "cost": "40.61", "vt": 0.63, "operability": 0, "u": 0.47, "coatings": "0", "shgc": 0.56, "film": "Clear"}}, {"pk": 21, "model": "costing.window", "fields": {"description": "Glazing panel, plate glass, 1/2\" thick, clear", "frame": "Aluminum", "cost": "40.73", "vt": 0.48, "operability": 2, "u": 0.55, "coatings": "0", "shgc": 0.3, "film": "High Performance Green Tinted"}}, {"pk": 14, "model": "costing.window", "fields": {"description": "Glazing panel, plate glass, 1/2\" thick, clear", "frame": "Aluminum", "cost": "40.73", "vt": 0.63, "operability": 2, "u": 0.55, "coatings": "0", "shgc": 0.56, "film": "Clear"}}, {"pk": 3, "model": "costing.window", "fields": {"description": "Windows, aluminum, commercial grade, stock units, awning type, standard glass, incl. frame and glazing", "frame": "Aluminum With Break", "cost": "75.72", "vt": 0.16, "operability": 1, "u": 0.58, "coatings": "0", "shgc": 0.21, "film": "Stainless Steel Reflective Coating"}}, {"pk": 1, "model": "costing.window", "fields": {"description": "Glazing panel, plate glass, 1/2\" thick, clear", "frame": "Aluminum With Break", "cost": "49.73", "vt": 0.16, "operability": 2, "u": 0.61, "coatings": "0", "shgc": 0.21, "film": "Stainless Steel Reflective Coating"}}, {"pk": 24, "model": "costing.window", "fields": {"description": "Windows, aluminum, commercial grade, stock units, awning type, standard glass, incl. frame and glazing", "frame": "Aluminum", "cost": "75.16", "vt": 0.31, "operability": 1, "u": 0.61, "coatings": "1", "shgc": 0.23, "film": "Gray"}}, {"pk": 23, "model": "costing.window", "fields": {"description": "Windows, aluminum, insulated, standard glass", "frame": "Aluminum", "cost": "48.11", "vt": 0.16, "operability": 0, "u": 0.62, "coatings": "0", "shgc": 0.21, "film": "Stainless Steel Reflective Coating"}}, {"pk": 28, "model": "costing.window", "fields": {"description": "Glazing panel, plate glass, 1/2\" thick, clear", "frame": "Aluminum", "cost": "48.23", "vt": 0.16, "operability": 2, "u": 0.71, "coatings": "0", "shgc": 0.21, "film": "Stainless Steel Reflective Coating"}}, {"pk": 27, "model": "costing.window", "fields": {"description": "Glazing panel, plate glass, 1/2\" thick, clear", "frame": "Aluminum", "cost": "40.73", "vt": 0.56, "operability": 2, "u": 0.71, "coatings": "0", "shgc": 0.57, "film": "Bronze"}}, {"pk": 12, "model": "costing.window", "fields": {"description": "Windows, aluminum, commercial grade, stock units, awning type, standard glass, incl. frame and glazing", "frame": "Aluminum", "cost": "74.22", "vt": 0.16, "operability": 1, "u": 0.76, "coatings": "0", "shgc": 0.21, "film": "Stainless Steel Reflective Coating"}}, {"pk": 8, "model": "costing.window", "fields": {"description": "Windows, aluminum, commercial grade, stock units, awning type, standard glass, incl. frame and glazing", "frame": "Aluminum", "cost": "66.72", "vt": 0.55, "operability": 1, "u": 0.76, "coatings": "0", "shgc": 0.57, "film": "Bronze"}}, {"pk": 6, "model": "costing.window", "fields": {"description": "Windows, aluminum, insulated, standard glass", "frame": "Aluminum", "cost": "48.11", "vt": 0.13, "operability": 0, "u": 1.12, "coatings": "0", "shgc": 0.24, "film": "Stainless Steel Reflective Coating"}}, {"pk": 2, "model": "costing.window", "fields": {"description": "Windows, aluminum, insulated, standard glass", "frame": "Aluminum", "cost": "40.61", "vt": 0.49, "operability": 0, "u": 1.12, "coatings": "0", "shgc": 0.57, "film": "Bronze"}}, {"pk": 1, "model": "auth.permission", "fields": {"codename": "add_logentry", "name": "Can add log entry", "content_type": 1}}, {"pk": 2, "model": "auth.permission", "fields": {"codename": "change_logentry", "name": "Can change log entry", "content_type": 1}}, {"pk": 3, "model": "auth.permission", "fields": {"codename": "delete_logentry", "name": "Can delete log entry", "content_type": 1}}, {"pk": 7, "model": "auth.permission", "fields": {"codename": "add_group", "name": "Can add group", "content_type": 3}}, {"pk": 8, "model": "auth.permission", "fields": {"codename": "change_group", "name": "Can change group", "content_type": 3}}, {"pk": 9, "model": "auth.permission", "fields": {"codename": "delete_group", "name": "Can delete group", "content_type": 3}}, {"pk": 13, "model": "auth.permission", "fields": {"codename": "add_message", "name": "Can add message", "content_type": 5}}, {"pk": 14, "model": "auth.permission", "fields": {"codename": "change_message", "name": "Can change message", "content_type": 5}}, {"pk": 15, "model": "auth.permission", "fields": {"codename": "delete_message", "name": "Can delete message", "content_type": 5}}, {"pk": 4, "model": "auth.permission", "fields": {"codename": "add_permission", "name": "Can add permission", "content_type": 2}}, {"pk": 5, "model": "auth.permission", "fields": {"codename": "change_permission", "name": "Can change permission", "content_type": 2}}, {"pk": 6, "model": "auth.permission", "fields": {"codename": "delete_permission", "name": "Can delete permission", "content_type": 2}}, {"pk": 10, "model": "auth.permission", "fields": {"codename": "add_user", "name": "Can add user", "content_type": 4}}, {"pk": 11, "model": "auth.permission", "fields": {"codename": "change_user", "name": "Can change user", "content_type": 4}}, {"pk": 12, "model": "auth.permission", "fields": {"codename": "delete_user", "name": "Can delete user", "content_type": 4}}, {"pk": 16, "model": "auth.permission", "fields": {"codename": "add_contenttype", "name": "Can add content type", "content_type": 6}}, {"pk": 17, "model": "auth.permission", "fields": {"codename": "change_contenttype", "name": "Can change content type", "content_type": 6}}, {"pk": 18, "model": "auth.permission", "fields": {"codename": "delete_contenttype", "name": "Can delete content type", "content_type": 6}}, {"pk": 62, "model": "auth.permission", "fields": {"codename": "add_requirements", "name": "Can add requirements", "content_type": 21}}, {"pk": 63, "model": "auth.permission", "fields": {"codename": "change_requirements", "name": "Can change requirements", "content_type": 21}}, {"pk": 64, "model": "auth.permission", "fields": {"codename": "delete_requirements", "name": "Can delete requirements", "content_type": 21}}, {"pk": 71, "model": "auth.permission", "fields": {"codename": "add_roofinsulation", "name": "Can add roof insulation", "content_type": 24}}, {"pk": 72, "model": "auth.permission", "fields": {"codename": "change_roofinsulation", "name": "Can change roof insulation", "content_type": 24}}, {"pk": 73, "model": "auth.permission", "fields": {"codename": "delete_roofinsulation", "name": "Can delete roof insulation", "content_type": 24}}, {"pk": 59, "model": "auth.permission", "fields": {"codename": "add_standard", "name": "Can add standard", "content_type": 20}}, {"pk": 60, "model": "auth.permission", "fields": {"codename": "change_standard", "name": "Can change standard", "content_type": 20}}, {"pk": 61, "model": "auth.permission", "fields": {"codename": "delete_standard", "name": "Can delete standard", "content_type": 20}}, {"pk": 68, "model": "auth.permission", "fields": {"codename": "add_wallinsulation", "name": "Can add wall insulation", "content_type": 23}}, {"pk": 69, "model": "auth.permission", "fields": {"codename": "change_wallinsulation", "name": "Can change wall insulation", "content_type": 23}}, {"pk": 70, "model": "auth.permission", "fields": {"codename": "delete_wallinsulation", "name": "Can delete wall insulation", "content_type": 23}}, {"pk": 74, "model": "auth.permission", "fields": {"codename": "add_window", "name": "Can add window", "content_type": 25}}, {"pk": 75, "model": "auth.permission", "fields": {"codename": "change_window", "name": "Can change window", "content_type": 25}}, {"pk": 76, "model": "auth.permission", "fields": {"codename": "delete_window", "name": "Can delete window", "content_type": 25}}, {"pk": 28, "model": "auth.permission", "fields": {"codename": "add_index", "name": "Can add index", "content_type": 10}}, {"pk": 29, "model": "auth.permission", "fields": {"codename": "change_index", "name": "Can change index", "content_type": 10}}, {"pk": 30, "model": "auth.permission", "fields": {"codename": "delete_index", "name": "Can delete index", "content_type": 10}}, {"pk": 47, "model": "auth.permission", "fields": {"codename": "add_door", "name": "Can add door", "content_type": 16}}, {"pk": 48, "model": "auth.permission", "fields": {"codename": "change_door", "name": "Can change door", "content_type": 16}}, {"pk": 49, "model": "auth.permission", "fields": {"codename": "delete_door", "name": "Can delete door", "content_type": 16}}, {"pk": 56, "model": "auth.permission", "fields": {"codename": "add_doorcount", "name": "Can add door count", "content_type": 19}}, {"pk": 57, "model": "auth.permission", "fields": {"codename": "change_doorcount", "name": "Can change door count", "content_type": 19}}, {"pk": 58, "model": "auth.permission", "fields": {"codename": "delete_doorcount", "name": "Can delete door count", "content_type": 19}}, {"pk": 50, "model": "auth.permission", "fields": {"codename": "add_floor", "name": "Can add floor", "content_type": 17}}, {"pk": 51, "model": "auth.permission", "fields": {"codename": "change_floor", "name": "Can change floor", "content_type": 17}}, {"pk": 52, "model": "auth.permission", "fields": {"codename": "delete_floor", "name": "Can delete floor", "content_type": 17}}, {"pk": 41, "model": "auth.permission", "fields": {"codename": "add_layout", "name": "Can add layout", "content_type": 14}}, {"pk": 42, "model": "auth.permission", "fields": {"codename": "change_layout", "name": "Can change layout", "content_type": 14}}, {"pk": 43, "model": "auth.permission", "fields": {"codename": "delete_layout", "name": "Can delete layout", "content_type": 14}}, {"pk": 44, "model": "auth.permission", "fields": {"codename": "add_window", "name": "Can add window", "content_type": 15}}, {"pk": 45, "model": "auth.permission", "fields": {"codename": "change_window", "name": "Can change window", "content_type": 15}}, {"pk": 46, "model": "auth.permission", "fields": {"codename": "delete_window", "name": "Can delete window", "content_type": 15}}, {"pk": 53, "model": "auth.permission", "fields": {"codename": "add_windowcount", "name": "Can add window count", "content_type": 18}}, {"pk": 54, "model": "auth.permission", "fields": {"codename": "change_windowcount", "name": "Can change window count", "content_type": 18}}, {"pk": 55, "model": "auth.permission", "fields": {"codename": "delete_windowcount", "name": "Can delete window count", "content_type": 18}}, {"pk": 38, "model": "auth.permission", "fields": {"codename": "add_filtervalue", "name": "Can add filter value", "content_type": 13}}, {"pk": 39, "model": "auth.permission", "fields": {"codename": "change_filtervalue", "name": "Can change filter value", "content_type": 13}}, {"pk": 40, "model": "auth.permission", "fields": {"codename": "delete_filtervalue", "name": "Can delete filter value", "content_type": 13}}, {"pk": 31, "model": "auth.permission", "fields": {"codename": "add_groupedmessage", "name": "Can add grouped message", "content_type": 11}}, {"pk": 34, "model": "auth.permission", "fields": {"codename": "can_view", "name": "Can view", "content_type": 11}}, {"pk": 32, "model": "auth.permission", "fields": {"codename": "change_groupedmessage", "name": "Can change grouped message", "content_type": 11}}, {"pk": 33, "model": "auth.permission", "fields": {"codename": "delete_groupedmessage", "name": "Can delete grouped message", "content_type": 11}}, {"pk": 35, "model": "auth.permission", "fields": {"codename": "add_message", "name": "Can add message", "content_type": 12}}, {"pk": 36, "model": "auth.permission", "fields": {"codename": "change_message", "name": "Can change message", "content_type": 12}}, {"pk": 37, "model": "auth.permission", "fields": {"codename": "delete_message", "name": "Can delete message", "content_type": 12}}, {"pk": 19, "model": "auth.permission", "fields": {"codename": "add_session", "name": "Can add session", "content_type": 7}}, {"pk": 20, "model": "auth.permission", "fields": {"codename": "change_session", "name": "Can change session", "content_type": 7}}, {"pk": 21, "model": "auth.permission", "fields": {"codename": "delete_session", "name": "Can delete session", "content_type": 7}}, {"pk": 22, "model": "auth.permission", "fields": {"codename": "add_site", "name": "Can add site", "content_type": 8}}, {"pk": 23, "model": "auth.permission", "fields": {"codename": "change_site", "name": "Can change site", "content_type": 8}}, {"pk": 24, "model": "auth.permission", "fields": {"codename": "delete_site", "name": "Can delete site", "content_type": 8}}, {"pk": 25, "model": "auth.permission", "fields": {"codename": "add_migrationhistory", "name": "Can add migration history", "content_type": 9}}, {"pk": 26, "model": "auth.permission", "fields": {"codename": "change_migrationhistory", "name": "Can change migration history", "content_type": 9}}, {"pk": 27, "model": "auth.permission", "fields": {"codename": "delete_migrationhistory", "name": "Can delete migration history", "content_type": 9}}, {"pk": 54, "model": "admin.logentry", "fields": {"action_flag": 3, "action_time": "2011-04-12 19:51:19", "object_repr": "practice@test.com", "object_id": "5", "change_message": "", "user": 1, "content_type": 4}}, {"pk": 53, "model": "admin.logentry", "fields": {"action_flag": 3, "action_time": "2011-04-12 19:51:19", "object_repr": "already@used.com", "object_id": "3", "change_message": "", "user": 1, "content_type": 4}}, {"pk": 52, "model": "admin.logentry", "fields": {"action_flag": 3, "action_time": "2011-03-31 13:17:54", "object_repr": "test@test.com", "object_id": "4", "change_message": "", "user": 1, "content_type": 4}}, {"pk": 51, "model": "admin.logentry", "fields": {"action_flag": 3, "action_time": "2011-03-30 21:24:50", "object_repr": "r0.00 None", "object_id": "11", "change_message": "", "user": 1, "content_type": 23}}, {"pk": 50, "model": "admin.logentry", "fields": {"action_flag": 3, "action_time": "2011-03-30 21:24:41", "object_repr": "r0.00 None", "object_id": "15", "change_message": "", "user": 1, "content_type": 24}}, {"pk": 49, "model": "admin.logentry", "fields": {"action_flag": 1, "action_time": "2011-03-30 20:55:32", "object_repr": "r0.00 None", "object_id": "11", "change_message": "", "user": 1, "content_type": 23}}, {"pk": 48, "model": "admin.logentry", "fields": {"action_flag": 1, "action_time": "2011-03-30 20:55:26", "object_repr": "r0.00 None", "object_id": "15", "change_message": "", "user": 1, "content_type": 24}}, {"pk": 47, "model": "admin.logentry", "fields": {"action_flag": 2, "action_time": "2011-03-30 20:00:40", "object_repr": "Fixed, Windows, aluminum, insulated, standard glass, Aluminum, Bronze", "object_id": "2", "change_message": "Changed description.", "user": 1, "content_type": 25}}, {"pk": 46, "model": "admin.logentry", "fields": {"action_flag": 2, "action_time": "2011-03-30 20:00:32", "object_repr": "Fixed, Windows, aluminum, insulated, standard glass, Aluminum, Stainless Steel Reflective Coating", "object_id": "6", "change_message": "Changed description.", "user": 1, "content_type": 25}}, {"pk": 45, "model": "admin.logentry", "fields": {"action_flag": 2, "action_time": "2011-03-30 20:00:23", "object_repr": "Operable, Windows, aluminum, commercial grade, stock units, awning type, standard glass, incl. frame and glazing, Aluminum, Bronze", "object_id": "8", "change_message": "Changed description.", "user": 1, "content_type": 25}}, {"pk": 44, "model": "admin.logentry", "fields": {"action_flag": 2, "action_time": "2011-03-30 20:00:10", "object_repr": "Operable, Windows, aluminum, commercial grade, stock units, awning type, standard glass, incl. frame and glazing, Aluminum, Stainless Steel Reflective Coating", "object_id": "12", "change_message": "Changed description.", "user": 1, "content_type": 25}}, {"pk": 43, "model": "admin.logentry", "fields": {"action_flag": 2, "action_time": "2011-03-30 20:00:00", "object_repr": "Fixed, Windows, aluminum, insulated, standard glass, Aluminum, Stainless Steel Reflective Coating", "object_id": "23", "change_message": "Changed description.", "user": 1, "content_type": 25}}, {"pk": 42, "model": "admin.logentry", "fields": {"action_flag": 2, "action_time": "2011-03-30 19:59:49", "object_repr": "Operable, Windows, aluminum, commercial grade, stock units, awning type, standard glass, incl. frame and glazing, Aluminum, Gray", "object_id": "24", "change_message": "Changed description.", "user": 1, "content_type": 25}}, {"pk": 41, "model": "admin.logentry", "fields": {"action_flag": 2, "action_time": "2011-03-30 19:59:39", "object_repr": "Operable, Windows, aluminum, commercial grade, stock units, awning type, standard glass, incl. frame and glazing, Aluminum With Break, Stainless Steel Reflective Coating", "object_id": "3", "change_message": "Changed description.", "user": 1, "content_type": 25}}, {"pk": 40, "model": "admin.logentry", "fields": {"action_flag": 2, "action_time": "2011-03-30 19:59:28", "object_repr": "Fixed, Windows, aluminum, insulated, standard glass, Aluminum, Clear", "object_id": "11", "change_message": "Changed description.", "user": 1, "content_type": 25}}, {"pk": 39, "model": "admin.logentry", "fields": {"action_flag": 2, "action_time": "2011-03-30 19:59:20", "object_repr": "Fixed, Windows, aluminum, insulated, standard glass, Aluminum, High Performance Green Tinted", "object_id": "13", "change_message": "Changed description.", "user": 1, "content_type": 25}}, {"pk": 38, "model": "admin.logentry", "fields": {"action_flag": 2, "action_time": "2011-03-30 19:59:12", "object_repr": "Operable, Windows, aluminum, commercial grade, stock units, awning type, standard glass, incl. frame and glazing, Aluminum With Break, Gray", "object_id": "15", "change_message": "Changed description.", "user": 1, "content_type": 25}}, {"pk": 37, "model": "admin.logentry", "fields": {"action_flag": 2, "action_time": "2011-03-30 19:58:59", "object_repr": "Operable, Windows, aluminum, commercial grade, stock units, awning type, standard glass, incl. frame and glazing, Aluminum With Break, Clear", "object_id": "18", "change_message": "Changed description.", "user": 1, "content_type": 25}}, {"pk": 36, "model": "admin.logentry", "fields": {"action_flag": 2, "action_time": "2011-03-30 19:58:48", "object_repr": "Operable, Windows, aluminum, commercial grade, stock units, awning type, standard glass, incl. frame and glazing, Aluminum With Break, High Performance Green Tinted", "object_id": "19", "change_message": "Changed description.", "user": 1, "content_type": 25}}, {"pk": 35, "model": "admin.logentry", "fields": {"action_flag": 2, "action_time": "2011-03-30 19:58:37", "object_repr": "Fixed, Windows, aluminum, insulated, standard glass, Aluminum, Low-Emissivity Coating", "object_id": "20", "change_message": "Changed description.", "user": 1, "content_type": 25}}, {"pk": 34, "model": "admin.logentry", "fields": {"action_flag": 2, "action_time": "2011-03-30 19:58:28", "object_repr": "Fixed, Windows, aluminum, insulated, standard glass, Aluminum With Break, Bronze", "object_id": "17", "change_message": "Changed description.", "user": 1, "content_type": 25}}, {"pk": 33, "model": "admin.logentry", "fields": {"action_flag": 2, "action_time": "2011-03-30 19:58:21", "object_repr": "Fixed, Windows, aluminum, insulated, standard glass, Aluminum With Break, High Performance Green Tinted", "object_id": "25", "change_message": "Changed description.", "user": 1, "content_type": 25}}, {"pk": 32, "model": "admin.logentry", "fields": {"action_flag": 2, "action_time": "2011-03-30 19:58:14", "object_repr": "Fixed, Windows, aluminum, insulated, standard glass, Reinforced Wood/Vinyl, Gray", "object_id": "16", "change_message": "Changed description.", "user": 1, "content_type": 25}}, {"pk": 31, "model": "admin.logentry", "fields": {"action_flag": 2, "action_time": "2011-03-30 19:58:04", "object_repr": "Fixed, Windows, aluminum, insulated, standard glass, Insulated Fiberglass/Vinyl, Bronze", "object_id": "22", "change_message": "Changed description.", "user": 1, "content_type": 25}}, {"pk": 30, "model": "admin.logentry", "fields": {"action_flag": 2, "action_time": "2011-03-29 12:26:49", "object_repr": "127.0.0.1:8000", "object_id": "1", "change_message": "Changed domain and name.", "user": 1, "content_type": 8}}, {"pk": 29, "model": "admin.logentry", "fields": {"action_flag": 1, "action_time": "2011-03-29 11:54:26", "object_repr": "r14.29 Foil Faced Isocyanurate ($1.31)", "object_id": "14", "change_message": "", "user": 1, "content_type": 24}}, {"pk": 28, "model": "admin.logentry", "fields": {"action_flag": 1, "action_time": "2011-03-29 11:54:14", "object_repr": "r25.00 Foil Faced Isocyanurate ($2.58)", "object_id": "13", "change_message": "", "user": 1, "content_type": 24}}, {"pk": 27, "model": "admin.logentry", "fields": {"action_flag": 1, "action_time": "2011-03-29 11:54:03", "object_repr": "r21.74 Foil Faced Isocyanurate ($1.85)", "object_id": "12", "change_message": "", "user": 1, "content_type": 24}}, {"pk": 26, "model": "admin.logentry", "fields": {"action_flag": 1, "action_time": "2011-03-29 11:53:53", "object_repr": "r16.67 Foil Faced Isocyanurate ($1.55)", "object_id": "11", "change_message": "", "user": 1, "content_type": 24}}, {"pk": 25, "model": "admin.logentry", "fields": {"action_flag": 1, "action_time": "2011-03-29 11:53:40", "object_repr": "r10.87 Foil Faced Isocyanurate (86\u00a2)", "object_id": "10", "change_message": "", "user": 1, "content_type": 24}}, {"pk": 24, "model": "admin.logentry", "fields": {"action_flag": 1, "action_time": "2011-03-29 11:53:10", "object_repr": "r7.14 Foil Faced Isocyanurate (88\u00a2)", "object_id": "9", "change_message": "", "user": 1, "content_type": 24}}, {"pk": 23, "model": "admin.logentry", "fields": {"action_flag": 1, "action_time": "2011-03-29 11:52:59", "object_repr": "r5.10 Foil Faced Isocyanurate (79\u00a2)", "object_id": "8", "change_message": "", "user": 1, "content_type": 24}}, {"pk": 22, "model": "admin.logentry", "fields": {"action_flag": 1, "action_time": "2011-03-29 11:52:41", "object_repr": "r14.29 Isocyanurate/Perlite Composite ($1.81)", "object_id": "7", "change_message": "", "user": 1, "content_type": 24}}, {"pk": 21, "model": "admin.logentry", "fields": {"action_flag": 2, "action_time": "2011-03-29 11:51:00", "object_repr": "R2 Expanded Polystyrine (65\u00a2)", "object_id": "5", "change_message": "Changed cost.", "user": 1, "content_type": 24}}, {"pk": 20, "model": "admin.logentry", "fields": {"action_flag": 1, "action_time": "2011-03-29 11:50:46", "object_repr": "R3 Expanded Polystyrine (65\u00a2)", "object_id": "6", "change_message": "", "user": 1, "content_type": 24}}, {"pk": 19, "model": "admin.logentry", "fields": {"action_flag": 1, "action_time": "2011-03-29 11:50:25", "object_repr": "R2 Expanded Polystyrine ($1.05)", "object_id": "5", "change_message": "", "user": 1, "content_type": 24}}, {"pk": 18, "model": "admin.logentry", "fields": {"action_flag": 1, "action_time": "2011-03-29 11:49:59", "object_repr": "R23 Expanded Polystyrine ($1.75)", "object_id": "4", "change_message": "", "user": 1, "content_type": 24}}, {"pk": 17, "model": "admin.logentry", "fields": {"action_flag": 1, "action_time": "2011-03-29 11:49:48", "object_repr": "R19 Expanded Polystyrine ($1.56)", "object_id": "3", "change_message": "", "user": 1, "content_type": 24}}, {"pk": 16, "model": "admin.logentry", "fields": {"action_flag": 1, "action_time": "2011-03-29 11:49:37", "object_repr": "R15 Expanded Polystyrine ($1.46)", "object_id": "2", "change_message": "", "user": 1, "content_type": 24}}, {"pk": 15, "model": "admin.logentry", "fields": {"action_flag": 1, "action_time": "2011-03-29 11:49:23", "object_repr": "R11 Expanded Polystyrine ($1.37)", "object_id": "1", "change_message": "", "user": 1, "content_type": 24}}, {"pk": 14, "model": "admin.logentry", "fields": {"action_flag": 2, "action_time": "2011-03-29 11:47:12", "object_repr": "R13 Unfaced Fiberglass (69c)", "object_id": "2", "change_message": "Changed cost.", "user": 1, "content_type": 23}}, {"pk": 13, "model": "admin.logentry", "fields": {"action_flag": 1, "action_time": "2011-03-29 11:45:12", "object_repr": "Foil Faced Isocyanurate", "object_id": "10", "change_message": "", "user": 1, "content_type": 23}}, {"pk": 12, "model": "admin.logentry", "fields": {"action_flag": 1, "action_time": "2011-03-29 11:45:03", "object_repr": "Foil Faced Isocyanurate", "object_id": "9", "change_message": "", "user": 1, "content_type": 23}}, {"pk": 11, "model": "admin.logentry", "fields": {"action_flag": 1, "action_time": "2011-03-29 11:44:45", "object_repr": "Foil Faced Isocyanurate", "object_id": "8", "change_message": "", "user": 1, "content_type": 23}}, {"pk": 10, "model": "admin.logentry", "fields": {"action_flag": 1, "action_time": "2011-03-29 11:44:09", "object_repr": "Extruded Polystyrine", "object_id": "7", "change_message": "", "user": 1, "content_type": 23}}, {"pk": 9, "model": "admin.logentry", "fields": {"action_flag": 1, "action_time": "2011-03-29 11:43:52", "object_repr": "Extruded Polystyrine", "object_id": "6", "change_message": "", "user": 1, "content_type": 23}}, {"pk": 8, "model": "admin.logentry", "fields": {"action_flag": 1, "action_time": "2011-03-29 11:43:39", "object_repr": "Expanded Polystyrine", "object_id": "5", "change_message": "", "user": 1, "content_type": 23}}, {"pk": 7, "model": "admin.logentry", "fields": {"action_flag": 1, "action_time": "2011-03-29 11:43:31", "object_repr": "Expanded Polystyrine", "object_id": "4", "change_message": "", "user": 1, "content_type": 23}}, {"pk": 6, "model": "admin.logentry", "fields": {"action_flag": 1, "action_time": "2011-03-29 11:43:21", "object_repr": "Expanded Polystyrine", "object_id": "3", "change_message": "", "user": 1, "content_type": 23}}, {"pk": 5, "model": "admin.logentry", "fields": {"action_flag": 1, "action_time": "2011-03-29 11:42:27", "object_repr": "Unfaced Fiberglass", "object_id": "2", "change_message": "", "user": 1, "content_type": 23}}, {"pk": 4, "model": "admin.logentry", "fields": {"action_flag": 1, "action_time": "2011-03-29 11:42:09", "object_repr": "Foil Faced Fiberglass", "object_id": "1", "change_message": "", "user": 1, "content_type": 23}}, {"pk": 3, "model": "admin.logentry", "fields": {"action_flag": 1, "action_time": "2011-03-29 11:21:27", "object_repr": "Low Energy Case", "object_id": "3", "change_message": "", "user": 1, "content_type": 20}}, {"pk": 2, "model": "admin.logentry", "fields": {"action_flag": 1, "action_time": "2011-03-29 11:21:21", "object_repr": "2007", "object_id": "2", "change_message": "", "user": 1, "content_type": 20}}, {"pk": 1, "model": "admin.logentry", "fields": {"action_flag": 1, "action_time": "2011-03-29 11:21:16", "object_repr": "2004", "object_id": "1", "change_message": "", "user": 1, "content_type": 20}}, {"pk": 1, "model": "auth.user", "fields": {"username": "Nate", "first_name": "", "last_name": "", "is_active": true, "is_superuser": true, "is_staff": true, "last_login": "2011-04-12 19:51:03", "groups": [], "user_permissions": [], "password": "sha1$b7cd1$c75090aacf9485c2c21d0f1713b2c8ac16419bb2", "email": "nate@natesoares.com", "date_joined": "2010-12-09 18:37:07"}}, {"pk": 2, "model": "auth.user", "fields": {"username": "nate@natesoares.com", "first_name": "", "last_name": "", "is_active": true, "is_superuser": false, "is_staff": false, "last_login": "2011-03-31 13:24:44", "groups": [], "user_permissions": [], "password": "sha1$34850$df9934252efd90d08807d750c206cebe39ceb5bb", "email": "nate@natesoares.com", "date_joined": "2011-02-09 20:31:31"}}]